player,position,club,nationality,goals,assists,minutes,rating,goals_per_90,assists_per_90,performance_score
Aaron Hickey,Defender,Scotland,Scotland,0,0,75,7.17,0.0,0.0,1.4340000000000002
Aaron Wan-Bissaka,Defender,Congo DR,England,0,0,355,6.91,0.0,0.0,1.3820000000000001
Abbosbek Fayzullayev,Forward,Uzbekistan,Uzbekistan,1,0,223,6.9,0.40358744394618834,0.0,1.5817937219730942
Abdallah Mousa Musallam Naseeb,Defender,Jordan,Jordan,0,0,261,6.61,0.0,0.0,1.322
Abdoulaye Seck,Defender,Senegal,Senegal,0,1,58,7.15,0.0,1.5517241379310345,1.8955172413793104
Abdukodir Khusanov,Defender,Uzbekistan,Uzbekistan,0,0,270,5.9,0.0,0.0,1.1800000000000002
Abdulaziz Hatem Mohammed Abdullah,Midfielder,Qatar,Qatar,0,0,44,6.62,0.0,0.0,1.324
Abdülkerim Bardakcı,Defender,Turkey,Turkey,0,0,266,7.1,0.0,0.0,1.42
Abdulla Kakhramonjon,Midfielder,Uzbekistan,Uzbekistan,0,0,180,5.43,0.0,0.0,1.086
Abdullah Al Amri,Defender,Saudi Arabia,Saudi Arabia,1,0,240,6.95,0.375,0.0,1.5775000000000001
Abdullah Al Hamdan,Forward,Saudi Arabia,Saudi Arabia,0,0,68,4.39,0.0,0.0,0.878
Abdullah Alkhaibari,Midfielder,Saudi Arabia,Saudi Arabia,0,0,182,6.55,0.0,0.0,1.31
Abduvohid Nematov,Goalkeeper,Uzbekistan,Uzbekistan,0,0,180,5.28,0.0,0.0,1.056
Achraf Hakimi,Defender,Morocco,Morocco,1,2,540,7.66,0.16666666666666666,0.3333333333333333,1.7153333333333334
Adam Hložek,Forward,Czech Republic,Czech Republic,0,0,157,6.66,0.0,0.0,1.332
Adel Boulebina,Forward,Algeria,Algeria,0,0,17,6.31,0.0,0.0,1.262
Adrien Rabiot,Midfielder,France,France,0,1,586,7.07,0.0,0.15358361774744028,1.4600750853242321
Agustín Canobbio Graviz,Forward,Uruguay,Uruguay,1,0,224,6.81,0.4017857142857143,0.0,1.5628928571428573
Ahmad Hasan,Defender,Iraq,Iraq,0,0,32,6.03,0.0,0.0,1.2060000000000002
Ahmed Aboel Fettoh,Defender,Egypt,Egypt,0,0,268,6.91,0.0,0.0,1.3820000000000001
Ahmed Alaaeldin Abdelmotaal,Forward,Qatar,Qatar,0,0,41,6.6,0.0,0.0,1.32
Ahmed Alganehi,Forward,Qatar,Qatar,0,0,34,6.75,0.0,0.0,1.35
Ahmed Basil Fadhil,Goalkeeper,Iraq,Iraq,0,0,136,6.0,0.0,0.0,1.2000000000000002
Ahmed Fathi Mansi Abdoulla,Midfielder,Qatar,Qatar,0,0,150,6.59,0.0,0.0,1.318
Ahmed Mortadha Ben Ouannes,Forward,Tunisia,Tunisia,0,0,22,6.63,0.0,0.0,1.326
Ahmed Nadir Benbouali,Forward,Algeria,Algeria,1,0,44,7.47,2.0454545454545454,0.0,2.5167272727272727
Ahmed Qasem,Forward,Iraq,Sweden,0,0,123,6.29,0.0,0.0,1.258
Aiden O'Neill,Midfielder,Australia,Australia,0,0,361,6.94,0.0,0.0,1.3880000000000001
Aimar Sher,Midfielder,Iraq,Sweden,0,0,22,6.47,0.0,0.0,1.294
Aïssa Mandi,Defender,Algeria,Algeria,0,0,360,6.76,0.0,0.0,1.352
Ajdin Hrustic,Midfielder,Australia,Australia,0,0,48,6.6,0.0,0.0,1.32
Akam Hashim Rahman,Defender,Iraq,Iraq,0,0,270,6.1,0.0,0.0,1.22
Akmal Mozgovoy,Midfielder,Uzbekistan,Uzbekistan,0,1,216,6.44,0.0,0.4166666666666667,1.4130000000000003
Akram Hassan Afif,Forward,Qatar,Qatar,0,0,239,6.91,0.0,0.0,1.3820000000000001
Alaa Hejji,Midfielder,Saudi Arabia,Saudi Arabia,0,0,30,3.33,0.0,0.0,0.666
Alan Minda,Forward,Ecuador,Ecuador,0,0,56,6.44,0.0,0.0,1.2880000000000003
Alan Steven Franco Palma,Midfielder,Ecuador,Ecuador,0,0,255,6.73,0.0,0.0,1.346
Alberto Abdiel Quintero Medina,Forward,Panama,Panama,0,0,2,0.0,0.0,0.0,0.0
Alejandro Romero Gamarra,Midfielder,Paraguay,Argentina,0,0,10,6.41,0.0,0.0,1.282
Alejandro Zendejas Saavedra,Forward,USMNT,Mexico,0,0,13,6.46,0.0,0.0,1.292
Aleksandar Pavlović,Midfielder,Germany,Germany,0,0,275,6.79,0.0,0.0,1.358
Alessandro Circati,Defender,Australia,Australia,0,0,360,7.24,0.0,0.0,1.4480000000000002
Alex Adrián Arce Barrios,Forward,Paraguay,Paraguay,0,0,51,6.53,0.0,0.0,1.306
Álex Baena,Forward,Spain,Spain,1,1,487,7.01,0.18480492813141683,0.18480492813141683,1.5498439425051336
Alex Sandro,Defender,Brazil,Brazil,0,0,8,6.4,0.0,0.0,1.2800000000000002
Alexander Bernhardsson,Forward,Sweden,Sweden,0,0,220,6.4,0.0,0.0,1.2800000000000002
Alexander Freeman,Defender,USMNT,USA,1,1,373,7.18,0.24128686327077745,0.24128686327077745,1.6290294906166218
Alexander Isak,Forward,Sweden,Sweden,1,3,359,7.39,0.25069637883008355,0.7520891364902507,1.828974930362117
Alexander Prass,Midfielder,Austria,Austria,0,0,27,6.23,0.0,0.0,1.2460000000000002
Alexander Schlager,Goalkeeper,Austria,Austria,0,0,360,6.55,0.0,0.0,1.31
Alexander Sørloth,Forward,Norway,Norway,0,0,342,6.47,0.0,0.0,1.294
Alexandr Sojka,Midfielder,Czech Republic,Czech Republic,0,1,142,6.78,0.0,0.6338028169014085,1.5461408450704226
Alexandro Maidana Mendieta,Defender,Paraguay,Paraguay,0,0,55,6.55,0.0,0.0,1.31
Alexis Mac Allister,Midfielder,Argentina,Argentina,1,1,659,7.0,0.13657056145675267,0.13657056145675267,1.5092564491654024
Alexis Saelemaekers,Midfielder,Belgium,Belgium,1,0,81,3.48,1.1111111111111112,0.0,1.2515555555555555
Ali Abdi,Defender,Tunisia,Tunisia,0,0,270,6.22,0.0,0.0,1.244
Ali Ahmad Azaizeh,Forward,Jordan,Jordan,0,0,53,4.51,0.0,0.0,0.902
Ali Ahmed,Midfielder,Canada,Canada,0,0,236,6.75,0.0,0.0,1.35
Ali Al-Hamadi,Forward,Iraq,England,0,0,181,6.69,0.0,0.0,1.338
Ali Alawjami,Defender,Saudi Arabia,Saudi Arabia,0,0,147,4.62,0.0,0.0,0.924
Ali Alipour Ghara,Forward,Iran,Iran,0,0,37,6.61,0.0,0.0,1.322
Ali Iyad Olwan,Forward,Jordan,Jordan,1,0,270,6.78,0.3333333333333333,0.0,1.5226666666666668
Ali Jasim Elaibi Al Tameemi,Forward,Iraq,Iraq,0,0,131,6.55,0.0,0.0,1.31
Ali Nemati,Defender,Iran,Iran,0,0,270,6.56,0.0,0.0,1.312
Ali Yousif Hashim,Forward,Iraq,Iraq,0,0,32,6.45,0.0,0.0,1.29
Alidu Seidu,Defender,Ghana,Ivory Coast,0,0,77,6.69,0.0,0.0,1.338
Alireza Jahanbakhsh,Forward,Iran,Iran,0,0,44,6.69,0.0,0.0,1.338
Alireza Safar Beiranvand,Goalkeeper,Iran,Iran,0,0,270,7.77,0.0,0.0,1.554
Alisson Becker,Goalkeeper,Brazil,Brazil,0,0,450,6.96,0.0,0.0,1.3920000000000001
Alistair Johnston,Defender,Canada,Canada,0,0,450,6.89,0.0,0.0,1.3780000000000001
Almoez Ali Zainalabiddin Abdulla,Forward,Qatar,Qatar,0,0,18,6.55,0.0,0.0,1.31
Alphonso Davies,Defender,Canada,Canada,0,0,15,6.07,0.0,0.0,1.2140000000000002
Amad Diallo Traoré,Forward,Ivory Coast,Ivory Coast,2,0,185,7.4,0.972972972972973,0.0,1.9664864864864868
Amadou Onana,Midfielder,Belgium,Belgium,0,0,76,6.63,0.0,0.0,1.326
Amar Dedic,Defender,Bosnia and Herzegovina,Bosnia and Herzegovina,0,0,270,6.44,0.0,0.0,1.2880000000000003
Amar Memić,Midfielder,Bosnia and Herzegovina,Bosnia and Herzegovina,0,0,223,6.4,0.0,0.0,1.2800000000000002
Amer Rasem Adel Jamous,Midfielder,Jordan,Jordan,0,0,14,6.32,0.0,0.0,1.2640000000000002
Amine Ben Hmida,Defender,Tunisia,Tunisia,0,0,202,6.39,0.0,0.0,1.278
Amine Gouiri,Forward,Algeria,France,1,0,253,6.67,0.3557312252964427,0.0,1.5118656126482215
Amir Al-Ammari,Midfielder,Iraq,Sweden,0,1,248,6.44,0.0,0.3629032258064516,1.3968709677419358
Amir Hadžiahmetović,Midfielder,Bosnia and Herzegovina,Bosnia and Herzegovina,0,1,4,6.45,0.0,22.5,8.04
Amirhossein Hosseinzadeh,Forward,Iran,Iran,0,0,15,6.6,0.0,0.0,1.32
Anass Salah-Eddine,Defender,Morocco,Netherlands,0,0,182,6.5,0.0,0.0,1.3
Andreas Schjelderup,Forward,Norway,Norway,1,3,250,7.02,0.36,1.08,1.908
Andrej Kramarić,Forward,Croatia,Croatia,0,0,56,6.53,0.0,0.0,1.306
Andres Andrade Cedeño,Defender,Panama,Panama,0,0,270,6.98,0.0,0.0,1.3960000000000001
Andrés Cubas,Midfielder,Paraguay,Argentina,0,0,450,6.89,0.0,0.0,1.3780000000000001
Andrew Robertson,Defender,Scotland,Scotland,0,0,226,6.62,0.0,0.0,1.324
Ange-Yoan Bonny,Forward,Ivory Coast,France,0,0,236,6.56,0.0,0.0,1.312
Ángelo Preciado,Defender,Ecuador,Ecuador,0,0,105,6.41,0.0,0.0,1.282
Angelo Stiller,Midfielder,Germany,Germany,0,0,44,6.58,0.0,0.0,1.316
Angus Gunn,Goalkeeper,Scotland,England,0,0,270,6.97,0.0,0.0,1.3940000000000001
Anis Ben Slimane,Midfielder,Tunisia,Denmark,0,0,242,6.48,0.0,0.0,1.2960000000000003
Anis Hadj Moussa,Forward,Algeria,France,0,0,97,6.5,0.0,0.0,1.3
Ante Budimir,Forward,Croatia,Croatia,1,0,156,6.88,0.5769230769230769,0.0,1.6644615384615387
Anthony Elanga,Forward,Sweden,Sweden,2,0,215,5.33,0.8372093023255814,0.0,1.4846046511627908
Anthony Gordon,Forward,England,England,1,3,399,6.8,0.22556390977443608,0.6766917293233082,1.6757894736842105
Anthony Ralston,Defender,Scotland,Scotland,0,0,9,3.33,0.0,0.0,0.666
Antoine Semenyo,Forward,Ghana,England,0,0,360,6.36,0.0,0.0,1.2720000000000002
Antonee Robinson,Defender,USMNT,USA,0,0,350,7.03,0.0,0.0,1.4060000000000001
Antonio Nusa,Forward,Norway,Norway,1,0,290,6.51,0.3103448275862069,0.0,1.4571724137931035
Antonio Rüdiger,Defender,Germany,Germany,0,0,261,6.73,0.0,0.0,1.346
Antonio Sanabria,Forward,Paraguay,Paraguay,0,0,53,6.53,0.0,0.0,1.306
Ao Tanaka,Midfielder,Japan,Japan,0,0,192,6.76,0.0,0.0,1.352
Arda Guler,Midfielder,Turkey,Turkey,1,0,270,7.7,0.3333333333333333,0.0,1.7066666666666668
Ardon Jasari,Midfielder,Switzerland,Switzerland,0,0,41,4.26,0.0,0.0,0.852
Aria Yousefi,Defender,Iran,Iran,0,0,46,6.76,0.0,0.0,1.352
Arjan Malic,Defender,Bosnia and Herzegovina,Slovenia,0,0,46,6.34,0.0,0.0,1.268
Armando González Alba,Forward,Mexico,Mexico,0,0,14,6.45,0.0,0.0,1.29
Armando Obispo,Defender,Curaçao,Netherlands,0,0,270,6.5,0.0,0.0,1.3
Armin Gigovic,Midfielder,Bosnia and Herzegovina,Sweden,0,0,79,6.54,0.0,0.0,1.308
Arthur Masuaku,Defender,Congo DR,Congo DR,0,1,318,6.77,0.0,0.2830188679245283,1.4389056603773587
Arthur Theate,Defender,Belgium,Belgium,0,0,197,6.94,0.0,0.0,1.3880000000000001
Assane Diao Diaoune,Forward,Senegal,Spain,0,0,9,6.55,0.0,0.0,1.31
Assim Omer Al Haj Madibo,Midfielder,Qatar,Qatar,0,0,132,6.02,0.0,0.0,1.204
Aurélien Tchouaméni,Midfielder,France,France,0,1,360,7.34,0.0,0.25,1.543
Auston Trusty,Defender,USMNT,USA,1,0,100,6.92,0.8999999999999999,0.0,1.834
Axel Tuanzebe,Defender,Congo DR,England,0,0,360,6.65,0.0,0.0,1.33
Axel Witsel,Midfielder,Belgium,Belgium,0,0,31,3.15,0.0,0.0,0.63
Ayase Ueda,Forward,Japan,Japan,2,1,324,7.23,0.5555555555555556,0.2777777777777778,1.8071111111111113
Aymen Dahmen,Goalkeeper,Tunisia,Tunisia,0,0,180,6.16,0.0,0.0,1.2320000000000002
Aymen Hussein,Forward,Iraq,Iraq,1,0,116,6.85,0.7758620689655172,0.0,1.7579310344827588
Aymeric Laporte,Defender,Spain,Spain,0,1,729,7.12,0.0,0.1234567901234568,1.4610370370370371
Ayoub Al Oui,Defender,Qatar,Qatar,0,0,150,5.97,0.0,0.0,1.194
Ayoub El Kaabi,Forward,Morocco,Morocco,0,0,70,6.83,0.0,0.0,1.366
Ayoube Amaimouni-Echghouyab,Forward,Morocco,Spain,0,0,16,6.4,0.0,0.0,1.2800000000000002
Ayumu Seko,Midfielder,Japan,Japan,0,0,86,6.54,0.0,0.0,1.308
Ayyoub Bouaddi,Midfielder,Morocco,France,0,0,384,6.74,0.0,0.0,1.348
Azarias Londoño,Forward,Panama,Panama,0,0,53,6.65,0.0,0.0,1.33
Aziz Eraltay Behich,Defender,Australia,Australia,0,0,186,6.55,0.0,0.0,1.31
Azizbek Amonov,Forward,Uzbekistan,Uzbekistan,0,0,13,6.33,0.0,0.0,1.266
Azizjon Ganiev,Midfielder,Uzbekistan,Uzbekistan,0,0,121,6.74,0.0,0.0,1.348
Azzedine Ounahi,Midfielder,Morocco,Morocco,2,0,438,7.21,0.4109589041095891,0.0,1.6474794520547946
Barış Alper Yılmaz,Forward,Turkey,Turkey,1,1,180,6.96,0.5,0.5,1.7920000000000003
Bart Verbruggen,Goalkeeper,Netherlands,Netherlands,0,0,360,6.96,0.0,0.0,1.3920000000000001
Bazoumana Touré,Forward,Ivory Coast,Ivory Coast,0,0,79,4.26,0.0,0.0,0.852
Behruz Karimov,Defender,Uzbekistan,Uzbekistan,0,0,180,6.87,0.0,0.0,1.374
Ben Doak,Forward,Scotland,Scotland,0,0,187,6.45,0.0,0.0,1.29
Benjamin Asare,Goalkeeper,Ghana,Ghana,0,0,224,7.09,0.0,0.0,1.4180000000000001
Benjamin Nygren,Midfielder,Sweden,Sweden,0,0,131,6.5,0.0,0.0,1.3
Benjamin Old,Defender,New Zealand,New Zealand,0,0,90,6.49,0.0,0.0,1.298
Benjamin Tahirovic,Midfielder,Bosnia and Herzegovina,Sweden,0,0,236,6.63,0.0,0.0,1.326
Bernardo Silva,Midfielder,Portugal,Portugal,0,0,95,6.28,0.0,0.0,1.2560000000000002
Besfort Zeneli,Midfielder,Sweden,Sweden,0,0,58,6.55,0.0,0.0,1.31
Bilal El Khannous,Midfielder,Morocco,Belgium,0,0,466,6.95,0.0,0.0,1.3900000000000001
Boualem Khoukhi,Defender,Qatar,Qatar,0,0,270,6.82,0.0,0.0,1.364
Bradley Barcola,Forward,France,France,3,1,383,7.03,0.7049608355091384,0.2349869451697128,1.8289765013054833
Brahim Diaz,Forward,Morocco,Spain,0,4,462,7.02,0.0,0.7792207792207791,1.6377662337662335
Brandon Mechele,Defender,Belgium,Belgium,0,0,540,6.95,0.0,0.0,1.3900000000000001
Brandon Thomas-Asante,Forward,Ghana,England,0,1,51,6.79,0.0,1.7647058823529411,1.8874117647058823
Breel Embolo,Forward,Switzerland,Switzerland,2,2,506,7.0,0.3557312252964427,0.3557312252964427,1.6845849802371542
Brenden Aaronson,Midfielder,USMNT,USA,0,0,77,6.28,0.0,0.0,1.2560000000000002
Brian Brobbey,Forward,Netherlands,Netherlands,3,0,225,7.27,1.2,0.0,2.054
Brian Gutierrez,Midfielder,Mexico,USA,0,0,198,6.8,0.0,0.0,1.36
Brian Kibambe Cipenga,Forward,Congo DR,Congo DR,1,0,148,6.78,0.6081081081081081,0.0,1.6600540540540543
Bruno Fernandes,Midfielder,Portugal,Portugal,0,1,423,7.24,0.0,0.2127659574468085,1.5118297872340427
Bruno Guimarães,Midfielder,Brazil,Brazil,0,4,420,7.2,0.0,0.8571428571428571,1.6971428571428573
Bukayo Saka,Forward,England,England,3,3,326,7.31,0.8282208588957055,0.8282208588957055,2.1245766871165643
Caglar Söyüncü,Defender,Turkey,Turkey,0,0,6,6.58,0.0,0.0,1.316
Caleb Marfo Yirenkyi,Midfielder,Ghana,Ghana,1,0,264,6.67,0.34090909090909094,0.0,1.5044545454545455
Callan Elliot,Defender,New Zealand,New Zealand,0,0,12,6.69,0.0,0.0,1.338
Callum McCowatt,Midfielder,New Zealand,New Zealand,0,0,160,6.46,0.0,0.0,1.292
Cameron Burgess,Defender,Australia,Australia,0,0,136,6.38,0.0,0.0,1.276
Camilo Andrés Vargas Gil,Goalkeeper,Colombia,Colombia,0,0,450,6.69,0.0,0.0,1.338
Can Yılmaz Uzun,Midfielder,Turkey,Turkey,0,0,36,6.83,0.0,0.0,1.366
Carl Starfelt,Defender,Sweden,Sweden,0,0,3,0.0,0.0,0.0,0.0
Carlens Arcus,Defender,Haiti,Haiti,0,0,146,5.93,0.0,0.0,1.186
Carlos Miguel Harvey Cesneros,Midfielder,Panama,Panama,0,0,268,6.65,0.0,0.0,1.33
Carney Chukwuemeka,Midfielder,Austria,England,0,0,80,6.25,0.0,0.0,1.25
Casemiro,Midfielder,Brazil,Brazil,1,0,381,7.18,0.23622047244094488,0.0,1.5541102362204724
Cecilio Alfonso Waterman Ruiz,Forward,Panama,Panama,0,0,76,6.62,0.0,0.0,1.324
Cédric Bakambu,Forward,Congo DR,Congo DR,0,0,193,6.57,0.0,0.0,1.314
Cédric Itten,Forward,Switzerland,Switzerland,0,0,9,4.34,0.0,0.0,0.868
Cesar Blackman,Defender,Panama,Panama,0,0,180,6.5,0.0,0.0,1.3
César Montes,Defender,Mexico,Mexico,0,0,316,6.85,0.0,0.0,1.37
César Saúl Huerta Valera,Forward,Mexico,Mexico,0,0,6,6.61,0.0,0.0,1.322
Chadi Riad,Defender,Morocco,Morocco,0,1,345,6.78,0.0,0.2608695652173913,1.4342608695652175
Chancel Mbemba,Defender,Congo DR,Congo DR,0,1,360,6.8,0.0,0.25,1.435
Charles De Ketelaere,Midfielder,Belgium,Belgium,3,1,354,7.35,0.7627118644067797,0.2542372881355932,1.9276271186440677
Charles Pickel,Midfielder,Congo DR,Switzerland,0,0,34,6.53,0.0,0.0,1.306
Che Adams,Forward,Scotland,Scotland,0,0,146,4.39,0.0,0.0,0.878
Cheikh Bamba Dieng,Forward,Senegal,France,0,0,7,6.41,0.0,0.0,1.282
Chemsdine Talbi,Forward,Morocco,Belgium,0,1,146,6.72,0.0,0.6164383561643836,1.5289315068493152
Chris Richards,Defender,USMNT,USA,0,0,360,6.88,0.0,0.0,1.3760000000000001
Chris Wood,Forward,New Zealand,New Zealand,0,2,270,6.98,0.0,0.6666666666666666,1.596
Christ Ravynel Inao Oulaï,Midfielder,Ivory Coast,Ivory Coast,0,0,207,7.01,0.0,0.0,1.4020000000000001
Christian Fassnacht,Midfielder,Switzerland,Switzerland,0,0,5,6.46,0.0,0.0,1.292
Christian Jesús Martinez,Midfielder,Panama,Panama,0,0,243,6.66,0.0,0.0,1.332
Christian Pulisic,Forward,USMNT,USA,0,1,225,6.71,0.0,0.4,1.4620000000000002
Christopher Operi,Defender,Ivory Coast,France,0,0,90,7.0,0.0,0.0,1.4000000000000001
Cody Gakpo,Forward,Netherlands,Netherlands,3,1,372,7.39,0.7258064516129031,0.24193548387096772,1.9134838709677418
Connor Metcalfe,Midfielder,Australia,Australia,1,0,315,6.95,0.2857142857142857,0.0,1.532857142857143
Cristian Romero,Defender,Argentina,Argentina,1,0,583,7.01,0.15437392795883362,0.0,1.4791869639794168
Cristian Volpato,Midfielder,Australia,Italy,0,0,161,7.01,0.0,0.0,1.4020000000000001
Cristiano Ronaldo,Forward,Portugal,Portugal,3,0,441,7.38,0.6122448979591836,0.0,1.7821224489795917
Crysencio Summerville,Forward,Netherlands,Netherlands,2,2,222,7.26,0.8108108108108107,0.8108108108108107,2.1006486486486486
Cucho Hernández,Forward,Colombia,Colombia,0,1,18,6.79,0.0,5.0,2.858
Cyle Larin,Forward,Canada,Canada,2,0,189,6.85,0.9523809523809523,0.0,1.8461904761904764
Daichi Kamada,Midfielder,Japan,Japan,2,0,331,7.12,0.5438066465256798,0.0,1.69590332326284
Dailon Rocha Livramento do Rosario,Forward,Cape Verde Islands,Netherlands,0,0,145,6.52,0.0,0.0,1.304
Daizen Maeda,Forward,Japan,Japan,1,0,246,6.81,0.36585365853658536,0.0,1.5449268292682927
Damián Bobadilla,Midfielder,Paraguay,Paraguay,0,0,189,4.88,0.0,0.0,0.976
Dan Burn,Defender,England,England,0,0,2,6.47,0.0,0.0,1.294
Dan Ndoye,Forward,Switzerland,Switzerland,2,0,409,7.16,0.4400977995110025,0.0,1.6520488997555014
Dani Olmo,Midfielder,Spain,Spain,0,2,495,7.05,0.0,0.36363636363636365,1.5190909090909093
Daniel Muñoz,Defender,Colombia,Colombia,2,0,363,7.17,0.49586776859504134,0.0,1.6819338842975209
Daniel Svensson,Defender,Sweden,Sweden,0,0,97,4.19,0.0,0.0,0.8380000000000001
Danilo,Defender,Brazil,Brazil,0,0,404,6.7,0.0,0.0,1.34
Danilo Oliveira,Midfielder,Brazil,Brazil,0,0,42,4.96,0.0,0.0,0.992
Danley Jean Jacques,Midfielder,Haiti,Haiti,0,0,260,6.73,0.0,0.0,1.346
Darwin Núñez,Forward,Uruguay,Uruguay,0,0,156,6.61,0.0,0.0,1.322
David Alaba,Defender,Austria,Austria,0,1,278,6.88,0.0,0.3237410071942446,1.4731223021582736
David Doudera,Midfielder,Czech Republic,Czech Republic,0,0,90,6.99,0.0,0.0,1.3980000000000001
David Møller Wolfe,Defender,Norway,Norway,0,1,433,6.63,0.0,0.20785219399538107,1.3883556581986143
David Raum,Defender,Germany,Germany,0,0,107,6.61,0.0,0.0,1.322
David Zima,Defender,Czech Republic,Czech Republic,0,0,12,6.48,0.0,0.0,1.2960000000000003
Davinson Sánchez,Defender,Colombia,Colombia,0,0,450,7.33,0.0,0.0,1.4660000000000002
Dayot Upamecano,Defender,France,France,0,1,660,7.12,0.0,0.13636363636363638,1.4649090909090912
Dean Henderson,Goalkeeper,England,England,0,0,90,6.59,0.0,0.0,1.318
Declan Rice,Midfielder,England,England,1,2,560,7.4,0.1607142857142857,0.3214285714285714,1.6567857142857145
Deiver Machado,Defender,Colombia,Colombia,0,0,90,7.02,0.0,0.0,1.404
Denis Višinský,Midfielder,Czech Republic,Czech Republic,0,0,56,6.86,0.0,0.0,1.372
Denis Zakaria,Midfielder,Switzerland,Switzerland,0,0,360,7.02,0.0,0.0,1.404
Deniz Gül,Forward,Turkey,Sweden,0,0,35,6.24,0.0,0.0,1.2480000000000002
Deniz Undav,Forward,Germany,Germany,3,2,149,7.61,1.8120805369127517,1.2080536912751678,2.7904563758389265
Dennis Hadzikadunic,Defender,Bosnia and Herzegovina,Bosnia and Herzegovina,0,1,27,6.93,0.0,3.3333333333333335,2.386
Denzel Dumfries,Defender,Netherlands,Aruba,0,2,360,7.04,0.0,0.5,1.558
Derek Cornelius,Defender,Canada,Canada,0,0,316,6.62,0.0,0.0,1.324
Deroy Duarte,Midfielder,Cape Verde Islands,Netherlands,1,0,263,7.05,0.3422053231939164,0.0,1.5811026615969583
Derrick Etienne Jr.,Forward,Haiti,Haiti,0,0,9,6.67,0.0,0.0,1.334
Derrick Luckassen,Defender,Ghana,Netherlands,1,0,180,6.88,0.5,0.0,1.6260000000000001
Désiré Doué,Forward,France,France,1,1,399,6.91,0.22556390977443608,0.22556390977443608,1.562451127819549
Deveron Fonville,Defender,Curaçao,Netherlands,0,0,243,6.29,0.0,0.0,1.258
Diego Gómez,Midfielder,Paraguay,Paraguay,0,0,308,6.65,0.0,0.0,1.33
Diego Moreira,Midfielder,Belgium,Portugal,0,0,27,6.56,0.0,0.0,1.312
Diogo Costa,Goalkeeper,Portugal,Portugal,0,0,450,7.62,0.0,0.0,1.524
Diogo Dalot,Defender,Portugal,Portugal,0,0,63,6.58,0.0,0.0,1.316
Djamshid Iskandarov,Midfielder,Uzbekistan,Uzbekistan,0,0,8,6.29,0.0,0.0,1.258
Djed Spence,Defender,England,England,0,0,373,6.74,0.0,0.0,1.348
Djibril Sow,Midfielder,Switzerland,Switzerland,0,0,223,6.76,0.0,0.0,1.352
Dodi Lukebakio,Forward,Belgium,Belgium,0,0,133,6.92,0.0,0.0,1.3840000000000001
Dominik Livaković,Goalkeeper,Croatia,Croatia,0,0,360,6.79,0.0,0.0,1.358
Dominique Simon,Midfielder,Haiti,France,0,0,54,6.71,0.0,0.0,1.342
Donyell Malen,Forward,Netherlands,Netherlands,0,0,188,6.81,0.0,0.0,1.362
Dostonbek Khamdamov,Forward,Uzbekistan,Uzbekistan,0,0,103,6.68,0.0,0.0,1.336
Douglas Santos,Defender,Brazil,Brazil,0,0,442,7.02,0.0,0.0,1.404
Duckens Nazon,Forward,Haiti,Haiti,0,0,23,6.66,0.0,0.0,1.332
Dylan Bronn,Defender,Tunisia,Tunisia,0,0,46,6.26,0.0,0.0,1.252
Dzenis Burnic,Midfielder,Bosnia and Herzegovina,Germany,0,0,14,6.54,0.0,0.0,1.308
Eberechi Eze,Midfielder,England,England,0,1,178,6.81,0.0,0.5056179775280899,1.513685393258427
Éderson,Midfielder,Brazil,Brazil,0,0,20,6.23,0.0,0.0,1.2460000000000002
Edgar Yoel Bárcenas Herrera,Forward,Panama,Panama,0,0,251,6.76,0.0,0.0,1.352
Edilson Alberto Monteiro Sanches Borges,Defender,Cape Verde Islands,Cape Verde,0,0,360,7.1,0.0,0.0,1.42
Edin Džeko,Forward,Bosnia and Herzegovina,Bosnia and Herzegovina,0,0,179,6.59,0.0,0.0,1.318
Edmilson Junior Paulo da Silva,Forward,Qatar,Brazil,0,1,213,6.67,0.0,0.4225352112676056,1.4607605633802818
Edo Kayembe,Midfielder,Congo DR,Congo DR,0,0,160,6.59,0.0,0.0,1.318
Edouard Mendy,Goalkeeper,Senegal,Senegal,0,0,153,6.66,0.0,0.0,1.332
Edson Álvarez,Midfielder,Mexico,Mexico,0,0,238,6.92,0.0,0.0,1.3840000000000001
Egil Selvik,Goalkeeper,Norway,Norway,0,0,90,6.79,0.0,0.0,1.358
Ehsan Hajsafi,Defender,Iran,Iran,0,0,91,6.46,0.0,0.0,1.292
Ehsan Manel Farhan Haddad,Defender,Jordan,Jordan,0,1,261,6.59,0.0,0.3448275862068966,1.421448275862069
El Hadji Malick Diouf,Defender,Senegal,Senegal,0,0,140,6.38,0.0,0.0,1.276
El Hashmi El Hussain Mohi aldin,Defender,Qatar,Qatar,0,0,31,6.24,0.0,0.0,1.2480000000000002
Eldor Shomurodov,Forward,Uzbekistan,Uzbekistan,1,0,270,6.98,0.3333333333333333,0.0,1.5626666666666669
Elia Meschack,Forward,Congo DR,Congo DR,0,1,44,6.8,0.0,2.0454545454545454,1.9736363636363636
Elias Achouri,Forward,Tunisia,Tunisia,0,0,40,4.36,0.0,0.0,0.8720000000000001
Elias Saad,Forward,Tunisia,Tunisia,0,0,118,6.36,0.0,0.0,1.2720000000000002
Elijah Henry Just,Forward,New Zealand,New Zealand,3,0,265,7.24,1.0188679245283019,0.0,1.957433962264151
Elisha Owusu,Midfielder,Ghana,France,0,0,152,6.58,0.0,0.0,1.316
Elliot Anderson,Midfielder,England,Scotland,0,1,604,7.13,0.0,0.14900662251655628,1.470701986754967
Elliot Stroud,Midfielder,Sweden,Sweden,0,0,166,6.61,0.0,0.0,1.322
Ellyes Skhiri,Midfielder,Tunisia,France,0,0,252,6.16,0.0,0.0,1.2320000000000002
Eloy Room,Goalkeeper,Curaçao,Curaçao,0,0,270,7.08,0.0,0.0,1.4160000000000001
Elye Wahi,Forward,Ivory Coast,France,0,0,109,6.44,0.0,0.0,1.2880000000000003
Emam Ashour,Midfielder,Egypt,Egypt,2,0,338,7.02,0.5325443786982249,0.0,1.6702721893491124
Emiliano Martínez,Goalkeeper,Argentina,Argentina,0,0,720,6.83,0.0,0.0,1.366
Emmanuel Agbadou,Defender,Ivory Coast,Ivory Coast,0,0,270,6.9,0.0,0.0,1.3800000000000001
Endrick Felipe Moreira de Sousa,Forward,Brazil,Brazil,0,0,110,6.49,0.0,0.0,1.298
Enner Valencia,Forward,Ecuador,Ecuador,0,0,290,6.43,0.0,0.0,1.286
Enzo Fernández,Midfielder,Argentina,Argentina,2,0,631,7.12,0.28526148969889065,0.0,1.5666307448494454
Eren Elmalı,Defender,Turkey,Turkey,0,0,110,6.97,0.0,0.0,1.3940000000000001
Erick Javier Davis Grajales,Defender,Panama,Panama,0,0,2,0.0,0.0,0.0,0.0
Erik Antonio Lira Méndez,Midfielder,Mexico,Mexico,0,1,346,6.94,0.0,0.26011560693641617,1.466034682080925
Erling Haaland,Forward,Norway,Norway,7,0,466,7.75,1.351931330472103,0.0,2.2259656652360515
Ermedin Demirović,Forward,Bosnia and Herzegovina,Bosnia and Herzegovina,0,0,356,6.58,0.0,0.0,1.316
Ermin Mahmić,Midfielder,Bosnia and Herzegovina,Austria,2,0,65,6.91,2.769230769230769,0.0,2.7666153846153847
Ernest Appiah Nuamah,Forward,Ghana,Ghana,0,1,88,6.65,0.0,1.0227272727272727,1.636818181818182
Ernesto Alexis Vega Rojas,Forward,Mexico,Mexico,0,0,11,6.48,0.0,0.0,1.2960000000000003
Esmir Bajraktarevic,Forward,Bosnia and Herzegovina,USA,0,0,229,6.54,0.0,0.0,1.308
Evann Guessand,Forward,Ivory Coast,France,0,0,15,6.31,0.0,0.0,1.262
Evidence Makgopa,Forward,South Africa,South Africa,0,0,214,6.73,0.0,0.0,1.346
Exequiel Palacios,Midfielder,Argentina,Argentina,0,0,90,7.39,0.0,0.0,1.478
Ezri Konsa,Defender,England,England,1,0,647,6.77,0.1391035548686244,0.0,1.4235517774343123
Fabián,Midfielder,Spain,Spain,1,0,321,6.15,0.2803738317757009,0.0,1.3701869158878506
Fabian Rieder,Midfielder,Switzerland,Switzerland,0,0,304,6.65,0.0,0.0,1.33
Fabinho,Midfielder,Brazil,Brazil,0,0,69,6.64,0.0,0.0,1.328
Facundo Medina,Defender,Argentina,Argentina,0,1,278,5.54,0.0,0.3237410071942446,1.2051223021582735
Fares Chaïbi,Midfielder,Algeria,France,0,0,360,7.06,0.0,0.0,1.412
Farrux Sayfiyev,Defender,Uzbekistan,Uzbekistan,0,0,44,6.3,0.0,0.0,1.26
Federico Sebastián Viñas Barboza,Forward,Uruguay,Uruguay,0,0,193,6.72,0.0,0.0,1.344
Federico Valverde,Midfielder,Uruguay,Uruguay,0,0,237,7.01,0.0,0.0,1.4020000000000001
Felix Eduardo Torres Caicedo,Defender,Ecuador,Ecuador,0,0,5,6.47,0.0,0.0,1.294
Felix Nmecha,Midfielder,Germany,England,1,1,273,7.01,0.32967032967032966,0.32967032967032966,1.6657362637362638
Ferdi Kadioglu,Defender,Turkey,Turkey,0,0,160,7.32,0.0,0.0,1.4640000000000002
Ferrán Torres,Forward,Spain,Spain,1,1,252,6.63,0.35714285714285715,0.35714285714285715,1.6117142857142857
Fidel Escobar Mendieta,Defender,Panama,Panama,0,0,90,6.79,0.0,0.0,1.358
Findlay Curtis,Forward,Scotland,Scotland,0,0,7,3.21,0.0,0.0,0.642
Finn Surman,Defender,New Zealand,New Zealand,1,0,270,6.83,0.3333333333333333,0.0,1.5326666666666668
Firas Albirakan,Forward,Saudi Arabia,Saudi Arabia,0,0,240,6.55,0.0,0.0,1.31
Firas Chaouat,Forward,Tunisia,Tunisia,0,0,47,6.43,0.0,0.0,1.286
Fiston Kalala Mayele,Forward,Congo DR,Congo DR,1,0,40,3.71,2.25,0.0,1.867
Florian Grillitsch,Midfielder,Austria,Austria,0,0,88,6.59,0.0,0.0,1.318
Florian Wirtz,Midfielder,Germany,Germany,0,3,363,7.54,0.0,0.7438016528925621,1.7311404958677685
Folarin Balogun,Forward,USMNT,England,3,0,316,6.98,0.8544303797468354,0.0,1.823215189873418
Francis De Vries,Defender,New Zealand,New Zealand,0,0,16,6.12,0.0,0.0,1.2240000000000002
Francisco Conceição,Forward,Portugal,Portugal,0,0,122,6.83,0.0,0.0,1.366
Francisco Trincão,Midfielder,Portugal,Portugal,0,0,27,6.44,0.0,0.0,1.2880000000000003
Franck Kessie,Midfielder,Ivory Coast,Ivory Coast,1,0,347,6.84,0.25936599423631124,0.0,1.4976829971181558
Frans Dhia Putros,Defender,Iraq,Denmark,0,0,90,6.13,0.0,0.0,1.226
Frantzdy Pierrot,Forward,Haiti,Haiti,0,0,143,6.57,0.0,0.0,1.314
Fredrik Aursnes,Midfielder,Norway,Norway,0,0,273,6.7,0.0,0.0,1.34
Fredrik Bjørkan,Defender,Norway,Norway,0,0,46,6.22,0.0,0.0,1.244
Freese Matthew,Goalkeeper,USMNT,USA,0,0,360,6.49,0.0,0.0,1.298
Frenkie de Jong,Midfielder,Netherlands,Netherlands,0,0,331,7.01,0.0,0.0,1.4020000000000001
Gabriel Ávalos,Forward,Paraguay,Paraguay,0,0,141,4.89,0.0,0.0,0.978
Gabriel Gudmundsson,Defender,Sweden,Sweden,0,0,333,6.51,0.0,0.0,1.302
Gabriel Magalhães,Defender,Brazil,Brazil,0,1,450,7.16,0.0,0.2,1.4920000000000002
Gabriel Martinelli,Forward,Brazil,Brazil,1,0,141,6.93,0.6382978723404256,0.0,1.7051489361702128
Garry Rodrigues,Forward,Cape Verde Islands,Cape Verde,0,0,77,6.48,0.0,0.0,1.2960000000000003
Gavi,Midfielder,Spain,Spain,0,0,76,6.75,0.0,0.0,1.35
Gedeon Kalulu,Defender,Congo DR,France,0,0,5,6.55,0.0,0.0,1.31
Gervane Kastaneer,Forward,Curaçao,Curaçao,0,0,27,6.47,0.0,0.0,1.294
Gessime Yassine,Forward,Morocco,France,1,0,47,6.88,1.9148936170212765,0.0,2.3334468085106383
Ghislain Konan,Defender,Ivory Coast,Ivory Coast,0,0,270,6.74,0.0,0.0,1.348
Gi-Hyuk Lee,Defender,South Korea,South Korea,0,0,270,6.91,0.0,0.0,1.3820000000000001
Gideon Mensah,Defender,Ghana,Ghana,0,0,360,6.94,0.0,0.0,1.3880000000000001
Gilberto Rafael Mora Zambrano,Midfielder,Mexico,Mexico,0,0,215,6.47,0.0,0.0,1.294
Gilson Benchimol Tavares,Forward,Cape Verde Islands,Cape Verde,0,0,48,6.47,0.0,0.0,1.294
Giovani Lo Celso,Midfielder,Argentina,Argentina,1,0,60,7.41,1.5,0.0,2.232
Giovanni Reyna,Midfielder,USMNT,USA,1,0,128,4.05,0.703125,0.0,1.1615625
Giuliano Simeone,Forward,Argentina,Italy,0,0,163,6.62,0.0,0.0,1.324
Godfried Roemeratoe,Midfielder,Curaçao,Netherlands,0,0,6,6.53,0.0,0.0,1.306
Gonçalo Ramos,Forward,Portugal,Portugal,1,0,34,7.0,2.6470588235294117,0.0,2.723529411764706
Gonzalo Montiel,Defender,Argentina,Argentina,0,1,130,6.59,0.0,0.6923076923076923,1.5256923076923077
Gonzalo Plata,Forward,Ecuador,Ecuador,1,0,360,7.13,0.25,0.0,1.5510000000000002
Granit Xhaka,Midfielder,Switzerland,Switzerland,1,0,540,7.24,0.16666666666666666,0.0,1.5313333333333334
Grant Hanley,Defender,Scotland,Scotland,0,0,180,7.14,0.0,0.0,1.428
Gregor Kobel,Goalkeeper,Switzerland,Switzerland,0,0,540,7.08,0.0,0.0,1.4160000000000001
Guela Doué,Defender,Ivory Coast,France,0,0,277,6.81,0.0,0.0,1.362
Gueye Seydinaissa Laye,Defender,Qatar,Qatar,0,0,270,6.46,0.0,0.0,1.292
Guillermo Martínez Ayala,Forward,Mexico,Mexico,0,0,72,6.46,0.0,0.0,1.292
Guillermo Ochoa,Goalkeeper,Mexico,Mexico,0,0,12,6.62,0.0,0.0,1.324
Guillermo Varela Olivera,Defender,Uruguay,Uruguay,0,0,270,6.77,0.0,0.0,1.354
Gustaf Lagerbielke,Defender,Sweden,Sweden,0,0,360,6.56,0.0,0.0,1.312
Gustaf Nilsson,Forward,Sweden,Sweden,0,0,1,0.0,0.0,0.0,0.0
Gustavo Aldolfo Puerta Molano,Midfielder,Colombia,Colombia,0,1,440,7.26,0.0,0.20454545454545453,1.5133636363636362
Gustavo Caballero,Forward,Paraguay,Paraguay,0,0,64,6.73,0.0,0.0,1.346
Gustavo Gómez,Defender,Paraguay,Paraguay,0,0,450,6.72,0.0,0.0,1.344
Guus Til,Midfielder,Netherlands,Netherlands,0,0,31,6.53,0.0,0.0,1.306
Haissem Hassan,Forward,Egypt,France,0,1,96,6.83,0.0,0.9375,1.64725
Hakan Çalhanoğlu,Midfielder,Turkey,Turkey,0,0,180,7.69,0.0,0.0,1.5380000000000003
Hamdi Fathi,Midfielder,Egypt,Egypt,0,0,240,6.74,0.0,0.0,1.348
Hamza Abdel Karim,Forward,Egypt,Egypt,0,0,26,6.47,0.0,0.0,1.294
Han-Beom Lee,Defender,South Korea,South Korea,0,0,270,6.92,0.0,0.0,1.3840000000000001
Hannes Delcroix,Defender,Haiti,Belgium,0,0,270,6.42,0.0,0.0,1.284
Hannibal Mejbri,Midfielder,Tunisia,France,0,2,270,7.08,0.0,0.6666666666666666,1.616
Hans Vanaken,Midfielder,Belgium,Belgium,1,2,318,5.96,0.2830188679245283,0.5660377358490566,1.5033207547169811
Haris Tabakovic,Forward,Bosnia and Herzegovina,Switzerland,0,0,15,6.46,0.0,0.0,1.292
Harry Kane,Forward,England,England,6,1,624,7.28,0.8653846153846153,0.14423076923076922,1.9319615384615387
Harry Souttar,Defender,Australia,Scotland,0,0,360,7.08,0.0,0.0,1.4160000000000001
Hassan Khalid Al Haidos,Midfielder,Qatar,Qatar,1,0,58,3.5,1.5517241379310345,0.0,1.4758620689655173
Hassan Mohammed Al Tambakti,Defender,Saudi Arabia,Saudi Arabia,0,0,213,6.31,0.0,0.0,1.262
Hazem Mastouri,Forward,Tunisia,Tunisia,1,0,90,7.82,1.0,0.0,2.064
Hee-Chan Hwang,Forward,South Korea,South Korea,0,0,107,6.64,0.0,0.0,1.328
Hélio Sandro Oliveira Alves Varela,Forward,Cape Verde Islands,Portugal,1,0,71,6.8,1.267605633802817,0.0,1.9938028169014086
Henrik Sælebakke Falchener,Defender,Norway,Norway,0,0,66,5.83,0.0,0.0,1.1660000000000001
Hernán Ismael Galíndez,Goalkeeper,Ecuador,Argentina,0,0,360,6.62,0.0,0.0,1.324
Heung-Min Son,Forward,South Korea,South Korea,0,0,170,6.8,0.0,0.0,1.36
Hicham Boudaoui,Midfielder,Algeria,Algeria,0,0,129,6.77,0.0,0.0,1.354
Hiroki Ito,Defender,Japan,Japan,0,0,360,6.65,0.0,0.0,1.33
Homam Ahmed Ahmed,Defender,Qatar,Qatar,0,0,123,6.33,0.0,0.0,1.266
Hossam Abdelmaguid,Defender,Egypt,Egypt,0,0,28,6.73,0.0,0.0,1.346
Houssem Aouar,Midfielder,Algeria,France,0,2,174,7.11,0.0,1.0344827586206897,1.732344827586207
Husam Ali Mohammad Abudahab,Defender,Jordan,Jordan,0,0,180,6.39,0.0,0.0,1.278
Hussein Ali,Defender,Iraq,Sweden,0,0,163,6.04,0.0,0.0,1.2080000000000002
Hyun-Gyu Oh,Forward,South Korea,South Korea,1,0,128,6.81,0.703125,0.0,1.7135625
Hyun-Jun Yang,Forward,South Korea,South Korea,0,0,19,6.47,0.0,0.0,1.294
Ibraheem Bayesh,Forward,Iraq,Iraq,0,0,237,6.24,0.0,0.0,1.2480000000000002
Ibrahim Adel,Forward,Egypt,Egypt,0,0,2,0.0,0.0,0.0,0.0
Ibrahim Maza,Midfielder,Algeria,Germany,0,0,351,6.67,0.0,0.0,1.334
Ibrahim Mbaye,Forward,Senegal,France,1,0,125,6.82,0.72,0.0,1.7240000000000002
Ibrahim Sangaré,Midfielder,Ivory Coast,Ivory Coast,0,1,268,7.12,0.0,0.33582089552238803,1.5247462686567166
Ibrahima Konaté,Defender,France,France,0,0,60,6.17,0.0,0.0,1.234
Idrissa Gueye,Midfielder,Senegal,Senegal,0,0,364,7.17,0.0,0.0,1.4340000000000002
Igor Matanovic,Forward,Croatia,Germany,0,0,92,6.61,0.0,0.0,1.322
Igor Sergeev,Forward,Uzbekistan,Uzbekistan,0,0,25,6.41,0.0,0.0,1.282
Igor Thiago,Forward,Brazil,Brazil,0,0,62,6.41,0.0,0.0,1.282
Iliman Ndiaye,Forward,Senegal,France,1,2,113,7.35,0.7964601769911505,1.592920353982301,2.3461061946902655
Ime Okon,Defender,South Africa,South Africa,0,0,360,6.85,0.0,0.0,1.37
In-Beom Hwang,Midfielder,South Korea,South Korea,1,1,264,7.42,0.34090909090909094,0.34090909090909094,1.7567272727272727
Iñaki Williams,Forward,Ghana,Ghana,0,0,128,6.33,0.0,0.0,1.266
Iqraam Rayners,Forward,South Africa,South Africa,0,0,161,4.81,0.0,0.0,0.962
Isak Hien,Defender,Sweden,Sweden,0,0,217,6.47,0.0,0.0,1.294
Isidro Miguel Pitta Saldívar,Forward,Paraguay,Paraguay,0,0,46,6.14,0.0,0.0,1.228
Ismael Díaz,Forward,Panama,Panama,0,0,35,6.61,0.0,0.0,1.322
Ismaël Gharbi,Forward,Tunisia,Spain,0,0,126,6.14,0.0,0.0,1.228
Ismael Koné,Midfielder,Canada,Ivory Coast,0,0,147,6.81,0.0,0.0,1.362
Ismael Saibari,Midfielder,Morocco,Morocco,3,0,355,7.07,0.7605633802816901,0.0,1.7942816901408452
Ismail Jakobs,Defender,Senegal,Senegal,0,0,220,6.68,0.0,0.0,1.336
İsmail Yüksek,Midfielder,Turkey,Turkey,0,0,141,7.18,0.0,0.0,1.436
Ismaïla Sarr,Forward,Senegal,Senegal,4,1,336,7.62,1.0714285714285714,0.26785714285714285,2.140071428571429
Israel Reyes Romero,Defender,Mexico,Mexico,0,0,200,6.89,0.0,0.0,1.3780000000000001
Issa Diop,Defender,Morocco,France,1,0,447,6.93,0.20134228187919462,0.0,1.4866711409395974
Issahaku Abdul Fatawu,Forward,Ghana,Ghana,0,0,128,6.72,0.0,0.0,1.344
Ivan Bašić,Midfielder,Bosnia and Herzegovina,Bosnia and Herzegovina,0,1,179,7.15,0.0,0.5027932960893855,1.5808379888268158
Ivan Perišić,Forward,Croatia,Croatia,1,1,360,7.06,0.25,0.25,1.6119999999999999
Ivan Šunjić,Midfielder,Bosnia and Herzegovina,Croatia,0,0,199,6.51,0.0,0.0,1.302
Ivan Toney,Forward,England,England,0,0,79,3.27,0.0,0.0,0.654
Jack Hendry,Defender,Scotland,Scotland,0,0,270,6.68,0.0,0.0,1.336
Jackson Irvine,Midfielder,Australia,Australia,0,0,192,6.81,0.0,0.0,1.362
Jackson Porozo,Defender,Ecuador,Ecuador,0,0,28,6.06,0.0,0.0,1.212
Jacob Italiano,Defender,Australia,Australia,0,0,164,6.61,0.0,0.0,1.322
Jacob Shaffelburg,Forward,Canada,Canada,0,0,87,6.68,0.0,0.0,1.336
Jacob Widell Zetterström,Goalkeeper,Sweden,Sweden,0,0,180,7.14,0.0,0.0,1.428
Jae-Sung Lee,Midfielder,South Korea,South Korea,0,0,119,7.04,0.0,0.0,1.4080000000000001
Jakhongir O'rozov,Defender,Uzbekistan,Uzbekistan,0,0,95,6.25,0.0,0.0,1.25
Jalal Hassan Hachim,Goalkeeper,Iraq,Iraq,0,0,134,6.03,0.0,0.0,1.2060000000000002
Jamal Musiala,Midfielder,Germany,Germany,1,0,241,6.98,0.37344398340248963,0.0,1.582721991701245
James Rodriguez,Midfielder,Colombia,Colombia,0,0,318,7.18,0.0,0.0,1.436
Jamie Leweling,Forward,Germany,Germany,0,0,30,6.64,0.0,0.0,1.328
Jaminton Leandro Campaz,Forward,Colombia,Colombia,1,0,42,7.13,2.142857142857143,0.0,2.4974285714285713
Jamiro Monteiro,Midfielder,Cape Verde Islands,Cape Verde,0,0,253,6.61,0.0,0.0,1.322
Jan Paul van Hecke,Defender,Netherlands,Netherlands,1,0,360,7.26,0.25,0.0,1.577
Jaouen Hadjam,Defender,Algeria,France,0,0,108,6.56,0.0,0.0,1.312
Jarell Quansah,Defender,England,England,0,0,200,6.16,0.0,0.0,1.2320000000000002
Jaroslav Zelený,Defender,Czech Republic,Czech Republic,0,0,125,6.52,0.0,0.0,1.304
Jason Geria,Defender,Australia,Australia,0,0,60,6.46,0.0,0.0,1.292
Jassem Gaber Abdulsallam,Midfielder,Qatar,Qatar,0,0,152,6.3,0.0,0.0,1.26
Jayden Adams,Midfielder,South Africa,South Africa,0,0,117,6.6,0.0,0.0,1.32
Jayden Nelson,Forward,Canada,Canada,0,0,3,0.0,0.0,0.0,0.0
Jean Michaël Seri,Midfielder,Ivory Coast,Ivory Coast,0,0,13,6.66,0.0,0.0,1.332
Jean-Kevin Duverne,Defender,Haiti,France,0,1,170,6.47,0.0,0.5294117647058824,1.4528235294117646
Jean-Philippe Mateta,Forward,France,France,0,0,21,4.25,0.0,0.0,0.8500000000000001
Jean-Ricner Bellegarde,Midfielder,Haiti,France,0,0,261,6.75,0.0,0.0,1.35
Jearl Margaritha,Forward,Curaçao,Netherlands,0,0,39,6.32,0.0,0.0,1.2640000000000002
Jefferson Lerma,Midfielder,Colombia,Colombia,0,0,412,6.89,0.0,0.0,1.3780000000000001
Jens Castrop,Midfielder,South Korea,Germany,0,0,44,6.7,0.0,0.0,1.34
Jens Petter Hauge,Forward,Norway,Norway,0,0,7,6.28,0.0,0.0,1.2560000000000002
Jeremy Antonisse,Forward,Curaçao,Netherlands,0,0,73,6.71,0.0,0.0,1.342
Jeremy Doku,Forward,Belgium,Belgium,0,0,311,6.7,0.0,0.0,1.34
Jerome Osei Opoku,Defender,Ghana,England,0,0,270,6.94,0.0,0.0,1.3880000000000001
Jesper Karlström,Midfielder,Sweden,Sweden,0,0,140,6.49,0.0,0.0,1.298
Jesse Randall,Forward,New Zealand,New Zealand,0,0,58,6.59,0.0,0.0,1.318
Jesús Daniel Gallardo Vasconcelos,Defender,Mexico,Mexico,0,0,372,6.73,0.0,0.0,1.346
Jhon Arias,Forward,Colombia,Colombia,1,0,382,7.51,0.2356020942408377,0.0,1.619801047120419
Jhon Cordoba,Forward,Colombia,Colombia,0,0,100,6.46,0.0,0.0,1.292
Jhon Lucumí,Defender,Colombia,Colombia,0,0,479,6.98,0.0,0.0,1.3960000000000001
Ji-Sung Eom,Forward,South Korea,South Korea,0,0,40,6.88,0.0,0.0,1.3760000000000001
Jin-Gyu Kim,Midfielder,South Korea,South Korea,0,0,50,6.54,0.0,0.0,1.308
Jin-Seop Park,Midfielder,South Korea,South Korea,0,0,31,6.66,0.0,0.0,1.332
Jiovany Javier Ramos Díaz,Defender,Panama,Panama,0,0,167,6.86,0.0,0.0,1.372
João Cancelo,Defender,Portugal,Portugal,0,1,316,7.06,0.0,0.2848101265822785,1.4974430379746835
João Félix,Forward,Portugal,Portugal,0,0,204,6.94,0.0,0.0,1.3880000000000001
João Neves,Midfielder,Portugal,Portugal,1,0,390,7.24,0.23076923076923078,0.0,1.5633846153846156
João Paulo Moreira Fernandes,Midfielder,Cape Verde Islands,Cape Verde,0,0,104,7.04,0.0,0.0,1.4080000000000001
Joaquin Seys,Defender,Belgium,Belgium,0,0,29,6.55,0.0,0.0,1.31
Joe Bell,Midfielder,New Zealand,New Zealand,0,0,244,6.61,0.0,0.0,1.322
Joel Ordóñez,Defender,Ecuador,Ecuador,0,0,226,6.55,0.0,0.0,1.31
Johan Manzambi,Midfielder,Switzerland,Switzerland,3,2,200,7.17,1.3499999999999999,0.8999999999999999,2.379
Johan Mojica,Defender,Colombia,Colombia,0,0,360,7.03,0.0,0.0,1.4060000000000001
Johan Vásquez,Defender,Mexico,Mexico,0,0,360,6.93,0.0,0.0,1.3860000000000001
John McGinn,Midfielder,Scotland,Scotland,1,0,262,6.66,0.3435114503816794,0.0,1.5037557251908398
John Stones,Defender,England,England,0,0,300,5.24,0.0,0.0,1.048
John Yeboah Zamora,Forward,Ecuador,Germany,0,0,315,7.33,0.0,0.0,1.4660000000000002
Johny Placide,Goalkeeper,Haiti,Haiti,0,0,270,6.6,0.0,0.0,1.32
Jonas Adjei Adjetey,Defender,Ghana,Ghana,0,0,226,6.93,0.0,0.0,1.3860000000000001
Jonathan David,Forward,Canada,Canada,3,0,421,7.25,0.6413301662707838,0.0,1.770665083135392
Jonathan Osorio,Midfielder,Canada,Canada,0,0,3,0.0,0.0,0.0,0.0
Jonathan Tah,Defender,Germany,Germany,0,0,343,7.0,0.0,0.0,1.4000000000000001
Jordan Ayew,Forward,Ghana,Ghana,0,0,304,6.58,0.0,0.0,1.316
Jordan Bos,Defender,Australia,Australia,0,0,310,6.76,0.0,0.0,1.352
Jordan Henderson,Midfielder,England,England,0,0,6,13.22,0.0,0.0,2.644
Jordan Pickford,Goalkeeper,England,England,0,0,630,6.67,0.0,0.0,1.334
Jordy Alcívar,Midfielder,Ecuador,Ecuador,0,0,46,6.72,0.0,0.0,1.344
Jordy Josué Caicedo Medina,Forward,Ecuador,Ecuador,0,0,17,4.32,0.0,0.0,0.8640000000000001
Jorge Abdiel Gutiérrez Cornejo,Defender,Panama,Panama,0,0,88,6.5,0.0,0.0,1.3
Jorge Sánchez,Defender,Mexico,Mexico,0,1,349,6.86,0.0,0.25787965616045844,1.4493638968481377
Joris Kayembe,Defender,Congo DR,Belgium,0,0,42,5.06,0.0,0.0,1.012
Jorrel Hato,Defender,Netherlands,Netherlands,0,0,4,6.23,0.0,0.0,1.2460000000000002
José Angel Cordoba Chambers,Defender,Panama,Panama,0,0,270,6.57,0.0,0.0,1.314
José Fajardo Nelson,Forward,Panama,Panama,0,0,154,6.44,0.0,0.0,1.2880000000000003
José María Canale Domínguez,Defender,Paraguay,Paraguay,0,0,128,5.04,0.0,0.0,1.008
José Raúl Rangel Aguilar,Goalkeeper,Mexico,Mexico,0,0,438,6.88,0.0,0.0,1.3760000000000001
Joseph Scally,Defender,USMNT,USA,0,0,87,6.54,0.0,0.0,1.308
Joshua Brenet,Defender,Curaçao,Netherlands,0,0,180,6.58,0.0,0.0,1.316
Joshua Kimmich,Midfielder,Germany,Germany,0,2,323,7.56,0.0,0.5572755417956656,1.6791826625386996
Josimar José Évora Dias,Goalkeeper,Cape Verde Islands,Cape Verde,0,0,360,7.48,0.0,0.0,1.4960000000000002
Josip Stanisic,Defender,Croatia,Germany,0,2,360,6.8,0.0,0.5,1.51
Josip Šutalo,Defender,Croatia,Croatia,0,0,360,6.7,0.0,0.0,1.34
Joško Gvardiol,Defender,Croatia,Croatia,0,0,138,4.7,0.0,0.0,0.9400000000000001
Josue Casimir,Forward,Haiti,France,0,0,181,6.13,0.0,0.0,1.226
Jovane Cabral,Forward,Cape Verde Islands,Cape Verde,0,0,141,6.76,0.0,0.0,1.352
Jovo Lukić,Forward,Bosnia and Herzegovina,Bosnia and Herzegovina,1,0,66,3.73,1.3636363636363638,0.0,1.4278181818181819
Juan Fernando Quintero Paniagua,Midfielder,Colombia,Colombia,0,1,87,7.23,0.0,1.0344827586206897,1.756344827586207
Juan José Cáceres,Defender,Paraguay,Argentina,0,0,439,6.77,0.0,0.0,1.354
Juan Manuel Sanabria Magole,Defender,Uruguay,Uruguay,0,0,204,6.69,0.0,0.0,1.338
Jude Bellingham,Midfielder,England,England,7,1,616,7.7,1.0227272727272727,0.14610389610389612,2.0951948051948053
Jules Koundé,Defender,France,France,0,0,602,6.86,0.0,0.0,1.372
Julián Álvarez,Forward,Argentina,Argentina,1,0,542,6.75,0.16605166051660517,0.0,1.4330258302583028
Julián Andrés Quiñones Quiñones,Forward,Mexico,Colombia,4,1,414,7.62,0.8695652173913044,0.2173913043478261,2.024
Julian Ryerson,Defender,Norway,Norway,0,0,226,6.77,0.0,0.0,1.354
Julio Enciso,Midfielder,Paraguay,Paraguay,1,2,388,6.9,0.23195876288659795,0.4639175257731959,1.6351546391752578
Juninho Bacuna,Midfielder,Curaçao,Curaçao,0,0,255,6.71,0.0,0.0,1.342
Júnior Alonso,Defender,Paraguay,Paraguay,0,0,390,5.26,0.0,0.0,1.052
Junnosuke Suzuki,Defender,Japan,Japan,0,0,41,6.46,0.0,0.0,1.292
Junya Ito,Forward,Japan,Japan,1,0,215,6.76,0.4186046511627907,0.0,1.5613023255813954
Jürgen Locadia,Forward,Curaçao,Netherlands,0,0,238,6.47,0.0,0.0,1.294
Juriën Gaari,Defender,Curaçao,Curaçao,0,0,167,6.56,0.0,0.0,1.312
Jørgen Strand Larsen,Forward,Norway,Norway,0,0,74,6.16,0.0,0.0,1.2320000000000002
Kaan Ayhan,Midfielder,Turkey,Turkey,1,0,2,7.3,45.0,0.0,23.96
Kai Clifton Trewin,Midfielder,Australia,Australia,0,0,44,6.54,0.0,0.0,1.308
Kai Havertz,Forward,Germany,Germany,3,0,325,7.19,0.8307692307692307,0.0,1.8533846153846154
Kaishu Sano,Midfielder,Japan,Japan,1,1,270,6.99,0.3333333333333333,0.3333333333333333,1.6646666666666667
Kalidou Koulibaly,Defender,Senegal,Senegal,0,0,162,5.64,0.0,0.0,1.128
Kamal Deen Sulemana,Forward,Ghana,Denmark,0,0,129,6.46,0.0,0.0,1.292
Kamogelo Sebelebele,Defender,South Africa,South Africa,0,0,6,6.23,0.0,0.0,1.2460000000000002
Karim Boudiaf,Midfielder,Qatar,Qatar,0,0,102,6.78,0.0,0.0,1.356
Karim Hafez Ramadan,Defender,Egypt,Egypt,0,1,172,4.63,0.0,0.5232558139534883,1.0829767441860465
Keisuke Goto,Forward,Japan,Japan,0,0,6,6.72,0.0,0.0,1.344
Keito Nakamura,Forward,Japan,Japan,1,1,310,7.21,0.29032258064516125,0.29032258064516125,1.6742580645161291
Ken Sema,Defender,Sweden,Sweden,0,0,15,6.54,0.0,0.0,1.308
Kenan Yildiz,Forward,Turkey,Germany,0,0,218,7.13,0.0,0.0,1.4260000000000002
Kenji Gorré,Forward,Curaçao,Curaçao,0,0,15,6.43,0.0,0.0,1.286
Kenny Mclean,Midfielder,Scotland,Scotland,0,0,116,6.55,0.0,0.0,1.31
Kento Shiogai,Forward,Japan,Japan,0,0,6,6.51,0.0,0.0,1.302
Kerim-Sam Alajbegović,Forward,Bosnia and Herzegovina,Bosnia and Herzegovina,1,0,278,6.78,0.3237410071942446,0.0,1.5178705035971225
Kevin Danso,Defender,Austria,Austria,0,0,239,6.58,0.0,0.0,1.316
Kevin De Bruyne,Midfielder,Belgium,Belgium,1,0,387,7.29,0.23255813953488372,0.0,1.574279069767442
Kevin Duvan Castaño Gil,Midfielder,Colombia,Colombia,0,0,14,6.57,0.0,0.0,1.314
Kevin Lenini,Midfielder,Cape Verde Islands,Cape Verde,1,0,351,7.01,0.25641025641025644,0.0,1.5302051282051283
Kevin Rodríguez,Forward,Ecuador,Ecuador,0,1,114,6.78,0.0,0.7894736842105263,1.592842105263158
Kevin Yakob,Midfielder,Iraq,Sweden,0,0,23,6.38,0.0,0.0,1.276
Khodjiakbar Alidjanov,Defender,Uzbekistan,Uzbekistan,0,0,134,6.53,0.0,0.0,1.306
Khuliso Johnson Mudau,Defender,South Africa,South Africa,0,0,360,7.07,0.0,0.0,1.4140000000000001
Kieran Tierney,Defender,Scotland,Scotland,0,0,104,6.68,0.0,0.0,1.336
Ko Itakura,Defender,Japan,Japan,0,1,129,7.28,0.0,0.6976744186046512,1.6653023255813955
Kojo Peprah Oppong,Defender,Ghana,Ghana,0,0,47,3.1,0.0,0.0,0.6200000000000001
Koki Ogawa,Forward,Japan,Japan,0,1,39,4.35,0.0,2.3076923076923075,1.5623076923076922
Konrad Laimer,Defender,Austria,Austria,0,1,360,6.45,0.0,0.25,1.365
Kossonou Odilon,Defender,Ivory Coast,Ivory Coast,0,0,271,5.06,0.0,0.0,1.012
Kouadio Kone,Midfielder,France,France,0,0,385,6.78,0.0,0.0,1.356
Krepin Diatta,Midfielder,Senegal,Senegal,0,0,360,7.02,0.0,0.0,1.404
Kristian Thorstvedt,Midfielder,Norway,Norway,0,0,63,6.54,0.0,0.0,1.308
Kristoffer Ajer,Defender,Norway,Norway,0,0,450,6.83,0.0,0.0,1.366
Kristoffer Nordfeldt,Goalkeeper,Sweden,Sweden,0,0,180,6.06,0.0,0.0,1.212
Kwasi Sibo,Midfielder,Ghana,Ghana,0,0,249,6.46,0.0,0.0,1.292
Kylian Mbappé,Forward,France,France,10,4,699,8.04,1.2875536480686696,0.5150214592274678,2.406283261802575
Kyu-Sung Cho,Forward,South Korea,South Korea,0,0,29,6.26,0.0,0.0,1.252
Ladislav Krejčí,Defender,Czech Republic,Czech Republic,1,0,270,6.95,0.3333333333333333,0.0,1.5566666666666669
Lamine Camara,Midfielder,Senegal,Senegal,0,1,220,6.74,0.0,0.40909090909090906,1.4707272727272729
Lamine Yamal,Forward,Spain,Spain,1,0,586,7.26,0.15358361774744028,0.0,1.52879180887372
Laros Duarte,Midfielder,Cape Verde Islands,Netherlands,0,0,166,6.72,0.0,0.0,1.344
Lautaro Martínez,Forward,Argentina,Argentina,3,1,281,6.88,0.9608540925266904,0.3202846975088968,1.9525124555160143
Lawrence Ati,Goalkeeper,Ghana,Ghana,0,0,136,7.4,0.0,0.0,1.4800000000000002
Lawrence Shankland,Forward,Scotland,Scotland,0,0,173,6.88,0.0,0.0,1.3760000000000001
Leandro Bacuna,Midfielder,Curaçao,Curaçao,0,0,270,6.66,0.0,0.0,1.332
Leandro Paredes,Midfielder,Argentina,Argentina,0,0,412,7.01,0.0,0.0,1.4020000000000001
Leandro Trossard,Forward,Belgium,Belgium,2,3,510,7.44,0.3529411764705882,0.5294117647058824,1.823294117647059
Lee Kang-in,Midfielder,South Korea,South Korea,0,1,270,7.62,0.0,0.3333333333333333,1.624
Lenny Joseph,Forward,Haiti,France,0,0,117,6.43,0.0,0.0,1.286
Leo Skiri Ostigard,Defender,Norway,Norway,1,0,112,6.24,0.8035714285714286,0.0,1.6497857142857146
Leon Goretzka,Midfielder,Germany,Germany,0,0,66,6.51,0.0,0.0,1.302
Leroy Sané,Forward,Germany,Germany,1,0,328,6.55,0.27439024390243905,0.0,1.4471951219512196
Lewis Ferguson,Midfielder,Scotland,Scotland,0,0,270,7.36,0.0,0.0,1.4720000000000002
Liam Millar,Forward,Canada,Canada,0,0,163,6.62,0.0,0.0,1.324
Liberato Cacace,Defender,New Zealand,New Zealand,0,0,223,6.63,0.0,0.0,1.326
Lionel Messi,Forward,Argentina,Argentina,8,4,650,8.71,1.1076923076923078,0.5538461538461539,2.462
Lionel Mpasi-Nzau,Goalkeeper,Congo DR,France,0,0,360,7.04,0.0,0.0,1.4080000000000001
Lisandro Martínez,Defender,Argentina,Argentina,1,1,566,7.18,0.15901060070671377,0.15901060070671377,1.563208480565371
Livano Comenencia,Defender,Curaçao,Netherlands,1,0,235,6.87,0.3829787234042553,0.0,1.5654893617021277
Louicius Don Deedson,Forward,Haiti,Haiti,0,0,112,6.43,0.0,0.0,1.286
Luc De Fougerolles,Defender,Canada,England,0,0,372,6.82,0.0,0.0,1.364
Luca Antony Jaquez,Defender,Switzerland,Switzerland,0,0,78,3.35,0.0,0.0,0.67
Luca Zinedine Zidane,Goalkeeper,Algeria,France,0,0,270,6.45,0.0,0.0,1.29
Lucas Bergvall,Midfielder,Sweden,Sweden,0,1,178,6.62,0.0,0.5056179775280899,1.475685393258427
Lucas Digne,Defender,France,France,0,0,464,6.73,0.0,0.0,1.346
Lucas Herrington,Defender,Australia,Australia,0,0,180,6.71,0.0,0.0,1.342
Lucas Michel Mendes,Defender,Qatar,Brazil,0,0,3,0.0,0.0,0.0,0.0
Lucas Paquetá,Midfielder,Brazil,Brazil,0,1,237,7.35,0.0,0.379746835443038,1.5839240506329113
Luis Díaz,Forward,Colombia,Colombia,1,1,450,7.06,0.2,0.2,1.5719999999999998
Luis Francisco Romo Barrón,Midfielder,Mexico,Mexico,1,1,268,7.0,0.33582089552238803,0.33582089552238803,1.6686567164179107
Luis Gerardo Chávez Magallón,Midfielder,Mexico,Mexico,0,0,24,6.72,0.0,0.0,1.344
Luis Suárez,Forward,Colombia,Colombia,0,1,332,6.71,0.0,0.2710843373493976,1.4233253012048193
Luiz Henrique,Forward,Brazil,Brazil,0,0,28,6.73,0.0,0.0,1.346
Luka Modrić,Midfielder,Croatia,Croatia,0,1,319,7.01,0.0,0.2821316614420063,1.4866394984326021
Luka Sučić,Midfielder,Croatia,Croatia,0,0,18,6.44,0.0,0.0,1.2880000000000003
Luka Vušković,Defender,Croatia,Croatia,0,0,66,6.24,0.0,0.0,1.2480000000000002
Lukáš Červ,Midfielder,Czech Republic,Czech Republic,0,0,165,6.84,0.0,0.0,1.368
Lukáš Provod,Forward,Czech Republic,Czech Republic,0,0,121,6.61,0.0,0.0,1.322
Lyle Foster,Forward,South Africa,South Africa,0,0,56,6.32,0.0,0.0,1.2640000000000002
Lyndon Dykes,Forward,Scotland,Australia,0,0,34,6.57,0.0,0.0,1.314
Maghnes Akliouche,Forward,France,France,0,0,7,6.57,0.0,0.0,1.314
Mahmoud Nayef Ahmad Al Mardi,Forward,Jordan,Jordan,0,0,129,6.66,0.0,0.0,1.332
Mahmoud Saber,Midfielder,Egypt,Egypt,1,0,16,3.69,5.625,0.0,3.5505
Mahmoud Trezeguet,Forward,Egypt,Egypt,1,1,131,6.98,0.6870229007633588,0.6870229007633588,1.9456183206106872
Mahmud Ibrahim Abunad,Goalkeeper,Qatar,Qatar,0,0,270,6.2,0.0,0.0,1.2400000000000002
Malick Thiaw,Defender,Germany,Finland,0,0,10,6.5,0.0,0.0,1.3
Malik Tillman,Midfielder,USMNT,USA,2,1,356,5.8,0.5056179775280899,0.25280898876404495,1.4886516853932583
Malo Gusto,Defender,France,France,0,0,118,3.77,0.0,0.0,0.754
Manaf Younnes,Defender,Iraq,Iraq,0,0,74,6.2,0.0,0.0,1.2400000000000002
Manuel Akanji,Defender,Switzerland,Switzerland,0,0,540,7.03,0.0,0.0,1.4060000000000001
Manuel Neuer,Goalkeeper,Germany,Germany,0,0,360,6.59,0.0,0.0,1.318
Manuel Ugarte,Midfielder,Uruguay,Uruguay,0,0,187,6.72,0.0,0.0,1.344
Maphosa Modiba,Defender,South Africa,South Africa,0,0,347,7.11,0.0,0.0,1.4220000000000002
Marc Cucurella,Defender,Spain,Spain,0,2,720,7.17,0.0,0.25,1.5090000000000001
Marc Guehi,Defender,England,England,0,0,633,6.06,0.0,0.0,1.212
Marcel Sabitzer,Midfielder,Austria,Austria,1,0,360,7.01,0.25,0.0,1.5270000000000001
Marco Friedl,Defender,Austria,Austria,0,0,23,6.35,0.0,0.0,1.27
Marco Pasalic,Forward,Croatia,Croatia,0,0,98,4.5,0.0,0.0,0.9
Marcos Llorente,Defender,Spain,Spain,0,1,186,7.18,0.0,0.48387096774193544,1.5811612903225805
Marcos Senesi,Defender,Argentina,Argentina,0,0,78,6.69,0.0,0.0,1.338
Marcus Pedersen,Defender,Norway,Norway,1,0,204,6.43,0.4411764705882353,0.0,1.5065882352941178
Marcus Rashford,Forward,England,England,1,1,222,5.83,0.4054054054054054,0.4054054054054054,1.4903243243243245
Marin Pongracic,Defender,Croatia,Germany,0,0,270,6.72,0.0,0.0,1.344
Mario Pašalić,Midfielder,Croatia,Croatia,0,0,121,6.61,0.0,0.0,1.322
Mark McKenzie,Defender,USMNT,USA,0,0,90,6.16,0.0,0.0,1.2320000000000002
Marko Arnautović,Forward,Austria,Austria,2,0,142,6.72,1.267605633802817,0.0,1.9778028169014086
Marko Lawk Farji,Forward,Iraq,Norway,0,0,52,6.62,0.0,0.0,1.324
Marko Stamenic,Midfielder,New Zealand,New Zealand,0,0,270,6.74,0.0,0.0,1.348
Marquinhos,Defender,Brazil,Brazil,0,0,450,7.01,0.0,0.0,1.4020000000000001
Martin Baturina,Midfielder,Croatia,Croatia,1,0,324,7.08,0.2777777777777778,0.0,1.554888888888889
Martin Expérience,Defender,Haiti,France,0,0,270,6.5,0.0,0.0,1.3
Martin Ødegaard,Midfielder,Norway,Norway,0,4,441,7.21,0.0,0.8163265306122448,1.6868979591836737
Marvin Senaya,Defender,Ghana,France,0,0,280,6.97,0.0,0.0,1.3940000000000001
Marwan Attia,Midfielder,Egypt,Egypt,0,1,434,7.01,0.0,0.20737327188940094,1.4642119815668204
Marwane Saadane,Defender,Morocco,Morocco,0,0,3,0.0,0.0,0.0,0.0
Matěj Kovář,Goalkeeper,Czech Republic,Czech Republic,0,0,270,6.46,0.0,0.0,1.292
Mateo Chávez García,Defender,Mexico,Mexico,1,0,78,7.63,1.1538461538461537,0.0,2.102923076923077
Mateo Kovačić,Midfielder,Croatia,Croatia,0,1,272,6.91,0.0,0.33088235294117646,1.4812647058823531
Matheus Cunha,Forward,Brazil,Brazil,3,0,293,7.39,0.9215017064846417,0.0,1.9387508532423208
Mathew Leckie,Forward,Australia,Australia,0,0,61,6.37,0.0,0.0,1.274
Mathías Olivera,Defender,Uruguay,Uruguay,0,0,270,7.04,0.0,0.0,1.4080000000000001
Mathieu Choiniere,Midfielder,Canada,Canada,0,0,58,6.77,0.0,0.0,1.354
Matias Fernandez-Pardo,Forward,Belgium,Belgium,0,0,41,2.23,0.0,0.0,0.446
Matías Galarza Fonda,Midfielder,Paraguay,Paraguay,1,1,360,7.01,0.25,0.25,1.602
Matías Viña,Defender,Uruguay,Uruguay,0,0,46,6.3,0.0,0.0,1.26
Matt Turner,Goalkeeper,USMNT,USA,0,0,90,6.0,0.0,0.0,1.2000000000000002
Mattias Svanberg,Midfielder,Sweden,Sweden,1,0,14,7.12,6.428571428571429,0.0,4.638285714285715
Mauricio,Midfielder,Paraguay,Brazil,1,0,140,7.09,0.6428571428571428,0.0,1.7394285714285715
Maxence Lacroix,Defender,France,France,0,0,240,6.64,0.0,0.0,1.328
Maxim De Cuyper,Defender,Belgium,Belgium,0,0,443,6.91,0.0,0.0,1.3820000000000001
Maxime Crépeau,Goalkeeper,Canada,Canada,0,0,450,6.42,0.0,0.0,1.284
Maxime Teremoana Crocombe,Goalkeeper,New Zealand,New Zealand,0,0,270,6.48,0.0,0.0,1.2960000000000003
Maximilian Beier,Forward,Germany,Germany,0,0,26,6.33,0.0,0.0,1.266
Maximiliano Javier Araújo Vilches,Defender,Uruguay,Uruguay,2,1,252,7.64,0.7142857142857143,0.35714285714285715,1.9922857142857144
Mbekezeli Mbokazi,Defender,South Africa,South Africa,0,0,360,6.91,0.0,0.0,1.3820000000000001
Mehdi Ghayedi,Forward,Iran,Iran,0,0,44,6.49,0.0,0.0,1.298
Mehdi Taremi,Forward,Iran,Iran,0,0,260,6.86,0.0,0.0,1.372
Mehdi Torabi,Forward,Iran,Iran,0,0,24,6.57,0.0,0.0,1.314
Mehmet Zeki Çelik,Defender,Turkey,Turkey,0,0,165,6.73,0.0,0.0,1.346
Memphis Depay,Forward,Netherlands,Netherlands,0,1,51,6.5,0.0,1.7647058823529411,1.8294117647058825
Merchas Doski,Defender,Iraq,Iraq,0,0,270,6.4,0.0,0.0,1.2800000000000002
Merih Demiral,Defender,Turkey,Turkey,0,0,180,7.0,0.0,0.0,1.4000000000000001
Mert Müldür,Defender,Turkey,Turkey,0,0,99,4.7,0.0,0.0,0.9400000000000001
Michael Amir Murillo,Defender,Panama,Panama,0,0,270,6.86,0.0,0.0,1.372
Michael Boxall,Defender,New Zealand,New Zealand,0,0,206,6.2,0.0,0.0,1.2400000000000002
Michael Gregoritsch,Forward,Austria,Austria,0,1,189,6.62,0.0,0.47619047619047616,1.4668571428571429
Michael Olise,Forward,France,France,0,7,650,7.64,0.0,0.9692307692307692,1.818769230769231
Michal Sadílek,Midfielder,Czech Republic,Czech Republic,1,0,183,6.96,0.49180327868852464,0.0,1.6379016393442625
Michel Aebischer,Midfielder,Switzerland,Switzerland,0,0,155,5.15,0.0,0.0,1.03
Mickey van de Ven,Defender,Netherlands,Netherlands,0,0,266,6.73,0.0,0.0,1.346
Miguel Almirón,Forward,Paraguay,Paraguay,0,0,286,6.37,0.0,0.0,1.274
Mike Maignan,Goalkeeper,France,France,0,0,720,6.68,0.0,0.0,1.336
Mikel Merino,Midfielder,Spain,Spain,2,0,163,6.86,1.1042944785276074,0.0,1.924147239263804
Mikel Oyarzabal,Forward,Spain,Spain,5,1,607,7.46,0.7413509060955519,0.14827018121911037,1.907156507413509
Milad Mohammadi,Defender,Iran,Iran,0,0,204,6.57,0.0,0.0,1.314
Miles Robinson,Defender,USMNT,USA,0,0,90,6.88,0.0,0.0,1.3760000000000001
Min-Jae Kim,Defender,South Korea,South Korea,0,0,245,6.88,0.0,0.0,1.3760000000000001
Miro Muheim,Defender,Switzerland,Switzerland,0,0,24,4.27,0.0,0.0,0.854
Mohamed Abdel Monem,Defender,Egypt,Egypt,0,0,14,2.75,0.0,0.0,0.55
Mohamed Amine Sbai,Forward,Morocco,France,0,0,5,6.45,0.0,0.0,1.29
Mohamed Amoura,Forward,Algeria,Algeria,0,0,26,6.53,0.0,0.0,1.306
Mohamed Belhaj Mahmoud,Midfielder,Tunisia,Tunisia,0,0,41,6.52,0.0,0.0,1.304
Mohamed Hany Eldemerdash,Defender,Egypt,Egypt,0,1,450,6.77,0.0,0.2,1.4140000000000001
Mohamed Naceur Almanai,Midfielder,Qatar,Qatar,0,0,66,5.96,0.0,0.0,1.192
Mohamed Salah,Forward,Egypt,Egypt,1,2,398,7.22,0.22613065326633164,0.4522613065326633,1.6927437185929648
Mohamed Toure,Forward,Australia,Australia,0,0,136,6.58,0.0,0.0,1.316
Mohammad Abualnadi,Defender,Jordan,USA,0,0,72,6.41,0.0,0.0,1.282
Mohammad Ali Hasan Abu Hasheesh,Defender,Jordan,Jordan,0,0,5,6.81,0.0,0.0,1.362
Mohammad Ghorbani,Midfielder,Iran,Iran,0,0,90,6.58,0.0,0.0,1.316
Mohammad Mohebi,Forward,Iran,Iran,1,0,246,6.72,0.36585365853658536,0.0,1.5269268292682927
Mohammad Ratib Mohammad Al Daoud,Midfielder,Jordan,Jordan,0,0,2,0.0,0.0,0.0,0.0
Mohammadhossein Kanani Zadegan,Defender,Iran,Iran,0,0,136,6.93,0.0,0.0,1.3860000000000001
Mohammed Kanoo,Midfielder,Saudi Arabia,Saudi Arabia,0,0,224,6.93,0.0,0.0,1.3860000000000001
Mohammed Khalil Al Owais,Goalkeeper,Saudi Arabia,Saudi Arabia,0,0,270,7.04,0.0,0.0,1.4080000000000001
Mohanad Mostafa Lasheen,Midfielder,Egypt,Egypt,0,0,360,7.01,0.0,0.0,1.4020000000000001
Mohannad Nahmoud Saleh Abu Taha,Defender,Jordan,Jordan,0,0,265,6.78,0.0,0.0,1.356
Moise Bombito,Defender,Canada,Canada,0,0,193,6.3,0.0,0.0,1.26
Moisés Caicedo,Midfielder,Ecuador,Ecuador,0,0,360,7.47,0.0,0.0,1.494
Mojmír Chytil,Forward,Czech Republic,Czech Republic,0,0,6,6.55,0.0,0.0,1.31
Montassar Talbi,Defender,Tunisia,Tunisia,0,0,270,6.46,0.0,0.0,1.292
Moon-Hwan Kim,Defender,South Korea,South Korea,0,0,71,6.49,0.0,0.0,1.298
Morgan Rogers,Midfielder,England,England,0,1,306,6.71,0.0,0.29411764705882354,1.430235294117647
Morten Thorsby,Midfielder,Norway,Norway,0,0,44,6.39,0.0,0.0,1.278
Mory Diaw,Goalkeeper,Senegal,France,0,0,207,6.57,0.0,0.0,1.314
Mostafa Ahmed Shobeir,Goalkeeper,Egypt,Egypt,0,0,450,7.26,0.0,0.0,1.452
Mostafa Mohamed Zaki Abdelraouf,Forward,Egypt,Egypt,2,1,375,7.05,0.48,0.24,1.7220000000000002
Moteb Al-Harbi,Defender,Saudi Arabia,Saudi Arabia,0,0,188,6.36,0.0,0.0,1.2720000000000002
Mouhamadou Diarra,Midfielder,Senegal,Senegal,2,0,144,7.11,1.25,0.0,2.047
Moussa Al Tamari,Forward,Jordan,Jordan,1,1,216,6.98,0.4166666666666667,0.4166666666666667,1.7293333333333334
Moussa Niakhate,Defender,Senegal,Senegal,0,1,360,6.97,0.0,0.25,1.469
Muhammad Abu Al Shamat,Defender,Saudi Arabia,Saudi Arabia,0,0,135,6.62,0.0,0.0,1.324
Muhammed Kerem Aktürkoğlu,Forward,Turkey,Turkey,0,0,131,6.57,0.0,0.0,1.314
Muhanad Ali,Forward,Iraq,Iraq,0,0,12,6.45,0.0,0.0,1.29
Musab Fahz Aljuwayr,Midfielder,Saudi Arabia,Saudi Arabia,0,0,153,6.67,0.0,0.0,1.334
Mustafa Saadoun Al Korji,Defender,Iraq,Iraq,0,0,17,6.2,0.0,0.0,1.2400000000000002
Nabil Bentaleb,Midfielder,Algeria,Algeria,0,0,287,6.83,0.0,0.0,1.366
Nadiem Amiri,Midfielder,Germany,Germany,0,1,10,6.96,0.0,9.0,4.092
Nahuel Molina,Defender,Argentina,Argentina,0,0,500,6.6,0.0,0.0,1.32
Nasser Al Dawsari,Midfielder,Saudi Arabia,Saudi Arabia,0,0,207,6.74,0.0,0.0,1.348
Nathan Aké,Defender,Netherlands,Netherlands,0,0,170,6.68,0.0,0.0,1.336
Nathan Ngoy,Defender,Belgium,Belgium,0,0,336,6.7,0.0,0.0,1.34
Nathan Patterson,Defender,Scotland,Scotland,0,0,186,6.39,0.0,0.0,1.278
Nathan Saliba,Midfielder,Canada,Canada,1,2,182,7.55,0.4945054945054945,0.989010989010989,2.053956043956044
Nathanaël Mbuku,Forward,Congo DR,France,0,0,144,6.95,0.0,0.0,1.3900000000000001
Nathaniel Brown,Defender,Germany,Germany,1,1,253,7.34,0.3557312252964427,0.3557312252964427,1.7525849802371543
Nawaf Boushal,Defender,Saudi Arabia,Saudi Arabia,0,0,91,6.51,0.0,0.0,1.302
Neil El Aynaoui,Midfielder,Morocco,France,0,0,533,7.0,0.0,0.0,1.4000000000000001
Nélson Semedo,Defender,Portugal,Portugal,0,0,123,6.49,0.0,0.0,1.298
Néstor Fernando Muslera Micol,Goalkeeper,Uruguay,Uruguay,0,0,226,5.89,0.0,0.0,1.178
Nestory Irankunda,Forward,Australia,Australia,1,0,263,6.86,0.3422053231939164,0.0,1.5431026615969583
Neymar,Midfielder,Brazil,Brazil,1,0,37,6.74,2.4324324324324325,0.0,2.5642162162162165
Ngal'ayel Mukau,Midfielder,Congo DR,Belgium,0,0,197,6.52,0.0,0.0,1.304
Nick Woltemade,Forward,Germany,Germany,0,0,2,6.84,0.0,0.0,1.368
Nico Elvedi,Defender,Switzerland,Switzerland,0,0,540,7.1,0.0,0.0,1.42
Nico O'Reilly,Defender,England,England,0,0,462,6.63,0.0,0.0,1.326
Nico Paz,Midfielder,Argentina,Argentina,0,0,71,6.67,0.0,0.0,1.334
Nico Schlotterbeck,Defender,Germany,Germany,1,0,136,7.39,0.6617647058823529,0.0,1.8088823529411764
Nico Williams,Forward,Spain,Spain,0,1,78,5.54,0.0,1.1538461538461537,1.4541538461538461
Nicolás De La Cruz,Midfielder,Uruguay,Uruguay,0,0,83,6.94,0.0,0.0,1.3880000000000001
Nicolás González,Forward,Argentina,Argentina,0,1,195,6.77,0.0,0.46153846153846156,1.4924615384615385
Nicolas Jackson,Forward,Senegal,Senegal,0,1,202,6.66,0.0,0.44554455445544555,1.4656633663366336
Nicolas Otamendi,Defender,Argentina,Argentina,0,0,181,5.75,0.0,0.0,1.1500000000000001
Nicolas Pépé,Forward,Ivory Coast,Ivory Coast,2,1,236,7.12,0.7627118644067796,0.3813559322033898,1.919762711864407
Nicolas Raskin,Midfielder,Belgium,Belgium,0,2,310,6.86,0.0,0.5806451612903225,1.5461935483870968
Nicolas Seiwald,Midfielder,Austria,Austria,0,0,316,6.91,0.0,0.0,1.3820000000000001
Nicolás Tagliafico,Defender,Argentina,Argentina,0,0,417,6.82,0.0,0.0,1.364
Niko Sigur,Midfielder,Canada,Canada,0,0,125,6.54,0.0,0.0,1.308
Nikola Katić,Defender,Bosnia and Herzegovina,Croatia,0,0,318,6.88,0.0,0.0,1.3760000000000001
Nikola Vasilj,Goalkeeper,Bosnia and Herzegovina,Bosnia and Herzegovina,0,0,360,6.19,0.0,0.0,1.2380000000000002
Nikola Vlašić,Midfielder,Croatia,Croatia,1,0,190,6.74,0.47368421052631576,0.0,1.584842105263158
Nilson Angulo,Forward,Ecuador,Ecuador,1,0,218,6.96,0.41284403669724773,0.0,1.598422018348624
Nishan Velupillay,Forward,Australia,Australia,0,0,75,6.3,0.0,0.0,1.26
Nizar Mahmoud Al-Rashdan,Midfielder,Jordan,Jordan,1,0,256,6.76,0.3515625,0.0,1.52778125
Nkosinathi Sibisi,Defender,South Africa,South Africa,0,0,90,6.09,0.0,0.0,1.218
Noa Lang,Forward,Netherlands,Netherlands,0,0,6,3.32,0.0,0.0,0.664
Noah Okafor,Forward,Switzerland,Switzerland,0,0,19,6.64,0.0,0.0,1.328
Noah Sadiki,Midfielder,Congo DR,Belgium,0,0,257,6.75,0.0,0.0,1.35
Noni Madueke,Forward,England,England,0,0,289,6.94,0.0,0.0,1.3880000000000001
Noor Al-Deen Mahmoud Ali Al Rawabdeh,Midfielder,Jordan,Jordan,0,1,270,6.87,0.0,0.3333333333333333,1.4740000000000002
Noussair Mazraoui,Defender,Morocco,Netherlands,0,0,447,6.9,0.0,0.0,1.3800000000000001
Nuno da Costa,Forward,Cape Verde Islands,Cape Verde,0,0,157,6.62,0.0,0.0,1.324
Nuno Mendes,Defender,Portugal,Portugal,1,0,398,7.39,0.22613065326633164,0.0,1.5910653266331658
Obed Vaargas,Midfielder,Mexico,USA,0,0,63,6.61,0.0,0.0,1.322
Odeh Burhan Shehade Fakhoury,Forward,Jordan,Jordan,0,0,149,6.58,0.0,0.0,1.316
Odiljon Khamrobekov,Midfielder,Uzbekistan,Uzbekistan,0,0,77,5.95,0.0,0.0,1.1900000000000002
Oğuz Aydın,Forward,Turkey,Turkey,0,0,90,7.04,0.0,0.0,1.4080000000000001
Ollie Watkins,Forward,England,England,0,0,50,6.78,0.0,0.0,1.356
Omar Alderete,Defender,Paraguay,Paraguay,0,0,322,6.6,0.0,0.0,1.32
Omar Marmoush,Forward,Egypt,Egypt,0,0,326,6.7,0.0,0.0,1.34
Omar Rekik,Defender,Tunisia,Netherlands,1,0,180,6.5,0.5,0.0,1.55
Orbelín Pineda Alvarado,Midfielder,Mexico,Mexico,0,0,29,6.46,0.0,0.0,1.292
Orkun Kökçü,Midfielder,Turkey,Turkey,0,1,154,4.6,0.0,0.5844155844155845,1.0953246753246753
Orlando Gill,Goalkeeper,Paraguay,Paraguay,0,0,450,7.22,0.0,0.0,1.444
Orlando Mosquera,Goalkeeper,Panama,Panama,0,0,270,6.65,0.0,0.0,1.33
Oscar Bobb,Forward,Norway,Norway,0,0,191,6.66,0.0,0.0,1.332
Oston Urunov,Forward,Uzbekistan,Uzbekistan,0,0,63,6.31,0.0,0.0,1.262
Oswin Reagan Appollis,Forward,South Africa,South Africa,0,0,255,6.79,0.0,0.0,1.358
Otabek Shukurov,Midfielder,Uzbekistan,Uzbekistan,0,0,239,6.6,0.0,0.0,1.32
Oumar Diakité,Forward,Ivory Coast,Ivory Coast,0,0,26,3.18,0.0,0.0,0.6360000000000001
Ousmane Dembélé,Forward,France,France,6,2,596,7.74,0.9060402684563759,0.30201342281879195,2.0916241610738258
Ousmane Diomande,Defender,Ivory Coast,Ivory Coast,0,0,90,7.02,0.0,0.0,1.404
Oussama Benbot,Goalkeeper,Algeria,Algeria,0,0,90,5.36,0.0,0.0,1.072
Ozan Kabak,Defender,Turkey,Turkey,0,0,90,6.81,0.0,0.0,1.362
Pape Gueye,Midfielder,Senegal,France,2,1,236,7.16,0.7627118644067796,0.3813559322033898,1.927762711864407
Pape Matar Sarr,Midfielder,Senegal,Senegal,0,0,35,6.6,0.0,0.0,1.32
Pascal Groß,Midfielder,Germany,Germany,0,0,17,6.8,0.0,0.0,1.36
Pathé Ciss,Midfielder,Senegal,Senegal,0,0,151,5.17,0.0,0.0,1.034
Patrick Beach,Goalkeeper,Australia,Australia,0,0,389,7.04,0.0,0.0,1.4080000000000001
Patrick Berg,Midfielder,Norway,Norway,0,2,413,6.92,0.0,0.43583535108958843,1.5147506053268767
Patrick Wimmer,Forward,Austria,Austria,0,0,19,6.38,0.0,0.0,1.276
Patrik Schick,Forward,Czech Republic,Czech Republic,0,0,180,6.42,0.0,0.0,1.284
Pau Cubarsí,Defender,Spain,Spain,0,0,720,7.3,0.0,0.0,1.46
Paul Brian Rodríguez Bravo,Forward,Uruguay,Uruguay,0,0,38,6.64,0.0,0.0,1.328
Paul Michael Junior Okon-Engstler,Midfielder,Australia,Italy,0,1,167,6.93,0.0,0.5389221556886228,1.547676646706587
Paul Wanner,Midfielder,Austria,Austria,0,0,233,6.27,0.0,0.0,1.254
Pavel Šulc,Midfielder,Czech Republic,Czech Republic,0,0,189,6.43,0.0,0.0,1.286
Pedri,Midfielder,Spain,Spain,0,0,470,7.19,0.0,0.0,1.4380000000000002
Pedro Miguel Correia,Defender,Qatar,Qatar,0,0,270,6.6,0.0,0.0,1.32
Pedro Neto,Forward,Portugal,Portugal,0,1,353,6.66,0.0,0.254957507082153,1.4084872521246459
Pedro Porro,Defender,Spain,Spain,2,0,534,7.65,0.33707865168539325,0.0,1.6985393258426968
Pedro Vite,Midfielder,Ecuador,Ecuador,0,1,360,7.4,0.0,0.25,1.5550000000000002
Pervis Estupiñán,Defender,Ecuador,Ecuador,0,0,89,6.63,0.0,0.0,1.326
Petar Musa,Forward,Croatia,Croatia,1,0,112,6.87,0.8035714285714286,0.0,1.7757857142857145
Petar Sučić,Midfielder,Croatia,Croatia,1,1,288,6.86,0.3125,0.3125,1.622
Philipp Lienhart,Defender,Austria,Austria,0,0,180,6.57,0.0,0.0,1.314
Philipp Mwene,Defender,Austria,Austria,0,0,149,6.49,0.0,0.0,1.298
Piero Hincapié,Defender,Ecuador,Ecuador,0,0,341,6.81,0.0,0.0,1.362
Prince Kwabena Adu,Forward,Ghana,Ghana,0,0,37,4.26,0.0,0.0,0.852
Promise Akinpelu,Forward,Canada,Canada,1,1,77,6.93,1.168831168831169,1.168831168831169,2.3210649350649355
Puma,Forward,Panama,Panama,0,0,235,6.36,0.0,0.0,1.2720000000000002
Quinten Maduro,Midfielder,Netherlands,Netherlands,0,0,24,6.49,0.0,0.0,1.298
Rafael Leão,Forward,Portugal,Portugal,1,1,155,6.99,0.5806451612903225,0.5806451612903225,1.862516129032258
Rafik Belghali,Defender,Algeria,Morocco,1,0,333,6.75,0.27027027027027023,0.0,1.4851351351351352
Rami Hisham Abdel Aziz Rabia,Defender,Egypt,Egypt,0,0,338,6.74,0.0,0.0,1.348
Ramin Rezaeian,Defender,Iran,Iran,2,1,270,7.46,0.6666666666666666,0.3333333333333333,1.9253333333333333
Ramiz Zerrouki,Midfielder,Algeria,Netherlands,0,0,112,6.43,0.0,0.0,1.286
Ramón Sosa Acosta,Forward,Paraguay,Paraguay,0,0,11,6.53,0.0,0.0,1.306
Ramy Bensebaini,Defender,Algeria,Algeria,0,0,360,6.71,0.0,0.0,1.342
Rani Khedira,Midfielder,Tunisia,Germany,0,0,150,4.04,0.0,0.0,0.808
Raphinha,Forward,Brazil,Brazil,0,0,130,6.53,0.0,0.0,1.306
Raúl Jiménez,Forward,Mexico,Mexico,3,0,320,7.19,0.84375,0.0,1.8598750000000002
Ray Kendry Páez Andrade,Midfielder,Ecuador,Ecuador,0,0,11,6.68,0.0,0.0,1.336
Rayan Aït Nouri,Defender,Algeria,France,0,0,284,6.73,0.0,0.0,1.346
Rayan Rocha,Forward,Brazil,Brazil,0,1,289,7.43,0.0,0.31141868512110726,1.5794256055363323
Rebin Ghareeb Solaka Adhamat,Defender,Iraq,Iraq,0,0,43,4.92,0.0,0.0,0.984
Redouane Halhal,Defender,Morocco,France,0,0,180,6.75,0.0,0.0,1.35
Reece James,Defender,England,England,0,0,288,6.83,0.0,0.0,1.366
Relebohile Ratomo,Forward,South Africa,South Africa,0,0,170,6.84,0.0,0.0,1.368
Remo Freuler,Midfielder,Switzerland,Switzerland,0,0,564,6.93,0.0,0.0,1.3860000000000001
Renato Palma Veiga,Defender,Portugal,Portugal,0,0,450,7.26,0.0,0.0,1.452
Ricardo Ade,Defender,Haiti,Haiti,0,0,270,6.85,0.0,0.0,1.37
Ricardo Pepi,Forward,USMNT,USA,0,0,202,5.35,0.0,0.0,1.07
Ricardo Rodríguez,Defender,Switzerland,Switzerland,0,1,520,7.02,0.0,0.17307692307692307,1.4559230769230769
Richard Rios Montoya,Midfielder,Colombia,Colombia,0,0,105,6.59,0.0,0.0,1.318
Richie Laryea,Defender,Canada,Canada,0,0,431,6.95,0.0,0.0,1.3900000000000001
Riechedly Bazoer,Defender,Curaçao,Netherlands,0,0,90,5.32,0.0,0.0,1.064
Ritsu Doan,Forward,Japan,Japan,0,1,282,6.63,0.0,0.3191489361702128,1.4217446808510639
Riyad Mahrez,Forward,Algeria,Algeria,2,2,263,7.3,0.6844106463878328,0.6844106463878328,2.0075285171102664
Roberto Carlos Alvarado Hernández,Forward,Mexico,Mexico,0,3,430,7.53,0.0,0.627906976744186,1.694372093023256
Roberto Lopes,Defender,Cape Verde Islands,Republic of Ireland,0,0,360,7.18,0.0,0.0,1.436
Robin Hranáč,Defender,Czech Republic,Czech Republic,0,0,270,6.26,0.0,0.0,1.252
Rodri,Midfielder,Spain,Spain,0,0,726,7.53,0.0,0.0,1.5060000000000002
Rodrigo Bentancur,Midfielder,Uruguay,Uruguay,0,0,270,7.19,0.0,0.0,1.4380000000000002
Rodrigo De Paul,Midfielder,Argentina,Argentina,0,1,495,6.93,0.0,0.18181818181818182,1.4405454545454546
Roger Ibanez da Silva,Defender,Brazil,Brazil,0,0,46,6.25,0.0,0.0,1.25
Romano Schmid,Midfielder,Austria,Austria,1,0,267,6.74,0.33707865168539325,0.0,1.5165393258426967
Romelu Lukaku,Forward,Belgium,Belgium,3,1,199,6.88,1.3567839195979898,0.4522613065326633,2.190070351758794
Ronwen Williams,Goalkeeper,South Africa,South Africa,0,0,360,6.95,0.0,0.0,1.3900000000000001
Roshon van Eijma,Defender,Curaçao,Curaçao,0,0,14,6.76,0.0,0.0,1.352
Ross Stewart,Forward,Scotland,Scotland,0,0,1,0.0,0.0,0.0,0.0
Rúben Dias,Defender,Portugal,Portugal,0,0,360,7.15,0.0,0.0,1.4300000000000002
Rúben Neves,Midfielder,Portugal,Portugal,0,0,55,6.58,0.0,0.0,1.316
Ruben Providence,Forward,Haiti,France,0,0,223,6.5,0.0,0.0,1.3
Ruben Vargas,Forward,Switzerland,Switzerland,2,1,224,7.06,0.8035714285714286,0.4017857142857143,1.9343214285714285
Rustamjon Ashurmatov,Defender,Uzbekistan,Uzbekistan,0,0,257,6.09,0.0,0.0,1.218
Ryan Cherki,Midfielder,France,France,0,0,125,5.63,0.0,0.0,1.1260000000000001
Ryan Christie,Midfielder,Scotland,Scotland,0,0,94,6.58,0.0,0.0,1.316
Ryan Gravenberch,Midfielder,Netherlands,Netherlands,0,2,347,6.87,0.0,0.5187319884726225,1.529619596541787
Ryan Isaac Mendes da Graça,Forward,Cape Verde Islands,Cape Verde,0,1,331,6.68,0.0,0.2719033232628399,1.4175709969788521
Ryan Thomas,Midfielder,New Zealand,New Zealand,0,0,82,6.41,0.0,0.0,1.282
Sadio Mané,Forward,Senegal,Senegal,0,1,364,7.18,0.0,0.24725274725274726,1.510175824175824
Saed Ahmad Salameh Al Rosan,Defender,Jordan,Jordan,0,0,9,6.14,0.0,0.0,1.228
Saeid Ezatolahi Afagh,Midfielder,Iran,Iran,0,0,265,7.07,0.0,0.0,1.4140000000000001
Saleem Obaid,Defender,Jordan,Jordan,0,0,18,1.84,0.0,0.0,0.36800000000000005
Saleh Hardani,Defender,Iran,Iran,0,0,90,6.69,0.0,0.0,1.338
Salem Mohammed Al Dawsari,Forward,Saudi Arabia,Saudi Arabia,0,0,246,6.39,0.0,0.0,1.278
Salih Özcan,Midfielder,Turkey,Germany,0,0,99,6.85,0.0,0.0,1.37
Saman Ghoddos,Midfielder,Iran,Iran,0,0,211,6.78,0.0,0.0,1.356
Samed Baždar,Forward,Bosnia and Herzegovina,Serbia,0,0,28,6.29,0.0,0.0,1.258
Samir Chergui,Defender,Algeria,France,0,0,19,6.21,0.0,0.0,1.242
Samir El Mourabet,Midfielder,Morocco,France,0,0,46,5.37,0.0,0.0,1.074
Samú Costa,Midfielder,Portugal,Portugal,0,0,20,6.73,0.0,0.0,1.346
Samuel Moutoussamy,Midfielder,Congo DR,Congo DR,0,0,333,6.64,0.0,0.0,1.328
Sander Berge,Midfielder,Norway,Norway,0,0,450,7.02,0.0,0.0,1.404
Santiago Arias,Defender,Colombia,Colombia,0,0,87,7.44,0.0,0.0,1.4880000000000002
Santiago Giménez,Forward,Mexico,Mexico,0,0,82,6.41,0.0,0.0,1.282
Sarpeet Singh,Midfielder,New Zealand,New Zealand,0,0,212,6.51,0.0,0.0,1.302
Sasa Kalajdzic,Forward,Austria,Austria,1,0,76,6.7,1.1842105263157894,0.0,1.9321052631578948
Saud Abdullah Abdul Hamid,Defender,Saudi Arabia,Saudi Arabia,0,0,270,6.78,0.0,0.0,1.356
Scott McKenna,Defender,Scotland,Scotland,0,0,90,6.03,0.0,0.0,1.2060000000000002
Scott McTominay,Midfielder,Scotland,Scotland,0,0,270,6.7,0.0,0.0,1.34
Sead Kolašinac,Defender,Bosnia and Herzegovina,Bosnia and Herzegovina,0,1,339,6.83,0.0,0.26548672566371684,1.445646017699115
Sebastian Berhalter,Midfielder,USMNT,USA,1,1,184,5.77,0.48913043478260876,0.48913043478260876,1.5453043478260868
Sebastián Enzo Cáceres Ramos,Defender,Uruguay,Uruguay,0,0,270,6.56,0.0,0.0,1.312
Sebastian Tounekti,Forward,Tunisia,Norway,0,0,82,4.15,0.0,0.0,0.8300000000000001
Seko Fofana,Midfielder,Ivory Coast,Ivory Coast,0,0,92,6.61,0.0,0.0,1.322
Senne Lammens,Goalkeeper,Belgium,Belgium,0,0,19,5.93,0.0,0.0,1.186
Sergino Dest,Defender,USMNT,USA,0,0,299,6.71,0.0,0.0,1.342
Sergio Rochet Álvarez,Goalkeeper,Uruguay,Uruguay,0,0,44,6.5,0.0,0.0,1.3
Seung-Gyu Kim,Goalkeeper,South Korea,South Korea,0,0,270,6.54,0.0,0.0,1.308
Seung-Ho Paik,Midfielder,South Korea,South Korea,0,0,207,6.54,0.0,0.0,1.308
Shahriar Moghanlou,Forward,Iran,Iran,0,1,87,6.78,0.0,1.0344827586206897,1.666344827586207
Sherel Floranus,Defender,Curaçao,Netherlands,0,0,270,6.6,0.0,0.0,1.32
Sherzod Nasrullayev,Defender,Uzbekistan,Uzbekistan,0,0,182,6.34,0.0,0.0,1.268
Shogo Taniguchi,Defender,Japan,Japan,0,0,231,6.6,0.0,0.0,1.32
Shoja Khalilzadeh,Defender,Iran,Iran,0,0,270,6.98,0.0,0.0,1.3960000000000001
Shuto Machino,Forward,Japan,Japan,0,0,12,6.5,0.0,0.0,1.3
Sidny Lopes Cabral,Defender,Cape Verde Islands,Netherlands,1,0,256,6.97,0.3515625,0.0,1.5697812500000001
Silvan Widmer,Defender,Switzerland,Switzerland,0,0,112,5.13,0.0,0.0,1.026
Simon Adingra,Forward,Ivory Coast,Ivory Coast,0,0,15,6.46,0.0,0.0,1.292
Simon Banza,Forward,Congo DR,France,0,0,38,6.54,0.0,0.0,1.308
Sofyan Amrabat,Midfielder,Morocco,Morocco,0,0,145,6.56,0.0,0.0,1.312
Sondre Klingen Langås,Defender,Norway,Norway,0,0,24,6.19,0.0,0.0,1.2380000000000002
Sontje Hansen,Forward,Curaçao,Netherlands,0,0,46,6.74,0.0,0.0,1.348
Soufiane Rahimi,Forward,Morocco,Morocco,2,1,127,5.8,1.4173228346456692,0.7086614173228346,2.081259842519685
Sphephelo Sithole,Midfielder,South Africa,South Africa,0,0,229,6.46,0.0,0.0,1.292
Stefan Posch,Defender,Austria,Austria,0,0,333,6.24,0.0,0.0,1.2480000000000002
Štěpán Chaloupek,Defender,Czech Republic,Czech Republic,0,0,90,6.14,0.0,0.0,1.228
Stephen Eustáquio,Midfielder,Canada,Canada,1,0,392,7.54,0.2295918367346939,0.0,1.622795918367347
Steve Kapuadi,Defender,Congo DR,France,0,0,180,6.6,0.0,0.0,1.32
Steven Moreira,Defender,Cape Verde Islands,France,0,0,270,4.92,0.0,0.0,0.984
Stjepan Radeljić,Defender,Bosnia and Herzegovina,Bosnia and Herzegovina,0,0,180,6.53,0.0,0.0,1.306
Sultan Hussain Al-Brake,Defender,Qatar,Qatar,0,0,140,6.15,0.0,0.0,1.2300000000000002
Sultan Madash,Forward,Saudi Arabia,Saudi Arabia,0,0,66,6.85,0.0,0.0,1.37
Tae-Seok Lee,Defender,South Korea,South Korea,0,0,115,6.96,0.0,0.0,1.3920000000000001
Taha Abdi Ali,Forward,Sweden,Sweden,0,0,35,6.47,0.0,0.0,1.294
Tahith Chong,Midfielder,Curaçao,Netherlands,0,0,249,6.81,0.0,0.0,1.362
Tajon Buchanan,Forward,Canada,Canada,0,0,380,6.53,0.0,0.0,1.306
Takefusa Kubo,Forward,Japan,Japan,0,1,75,6.89,0.0,1.2,1.738
Takehiro Tomiyasu,Defender,Japan,Japan,0,0,184,6.95,0.0,0.0,1.3900000000000001
Tani Oluwaseyi,Forward,Canada,Nigeria,0,0,260,6.7,0.0,0.0,1.34
Tarik Muharemovic,Defender,Bosnia and Herzegovina,Slovenia,0,0,260,6.84,0.0,0.0,1.368
Teboho Mokoena,Midfielder,South Africa,South Africa,1,0,270,7.32,0.3333333333333333,0.0,1.630666666666667
Telmo Emanuel Gomes Arcanjo,Forward,Cape Verde Islands,Cape Verde,0,0,57,6.69,0.0,0.0,1.338
Tete Yengi,Forward,Australia,Australia,0,0,22,6.67,0.0,0.0,1.334
Teun Koopmeiners,Midfielder,Netherlands,Netherlands,0,0,88,6.61,0.0,0.0,1.322
Thalente Mbatha,Midfielder,South Africa,South Africa,0,0,258,6.63,0.0,0.0,1.326
Thapelo Maseko,Forward,South Africa,South Africa,1,0,245,6.85,0.36734693877551017,0.0,1.5536734693877552
Thelo Aasgaard,Midfielder,Norway,Norway,1,0,90,7.25,1.0,0.0,1.9500000000000002
Themba Zwane,Midfielder,South Africa,South Africa,0,0,29,4.66,0.0,0.0,0.932
Théo Bongonda,Forward,Congo DR,Congo DR,0,0,32,6.44,0.0,0.0,1.2880000000000003
Theo Hernández,Defender,France,France,0,0,256,6.44,0.0,0.0,1.2880000000000003
Thiago Almada,Forward,Argentina,Argentina,0,0,211,6.79,0.0,0.0,1.358
Thibaut Courtois,Goalkeeper,Belgium,Belgium,0,0,521,6.87,0.0,0.0,1.374
Thomas Meunier,Defender,Belgium,Belgium,0,1,160,6.78,0.0,0.5625,1.52475
Thomas Partey,Midfielder,Ghana,Ghana,0,0,270,6.89,0.0,0.0,1.3780000000000001
Tijani Reijnders,Midfielder,Netherlands,Netherlands,0,1,201,6.9,0.0,0.44776119402985076,1.5143283582089553
Tim Ream,Defender,USMNT,USA,0,0,360,6.72,0.0,0.0,1.344
Timothy Castagne,Defender,Belgium,Belgium,0,1,448,6.97,0.0,0.20089285714285715,1.4542678571428573
Timothy John Payne,Defender,New Zealand,New Zealand,0,1,227,6.36,0.0,0.39647577092511016,1.3909427312775333
Timothy Weah,Midfielder,USMNT,USA,0,0,76,6.38,0.0,0.0,1.276
Tomas Abdiel Rodríguez Mena,Forward,Panama,Panama,0,0,46,3.35,0.0,0.0,0.67
Tomás Araújo,Defender,Portugal,Portugal,0,0,90,6.93,0.0,0.0,1.3860000000000001
Tomáš Chorý,Forward,Czech Republic,Czech Republic,0,0,29,3.27,0.0,0.0,0.654
Tomáš Holeš,Defender,Czech Republic,Czech Republic,0,0,154,6.48,0.0,0.0,1.2960000000000003
Tomáš Souček,Midfielder,Czech Republic,Czech Republic,0,0,136,6.49,0.0,0.0,1.298
Torbjørn Heggem,Defender,Norway,Norway,0,0,445,6.82,0.0,0.0,1.364
Tshepang Moremi,Forward,South Africa,South Africa,0,1,32,3.5,0.0,2.8125,1.5437500000000002
Tsuyoshi Watanabe,Defender,Japan,Japan,0,0,90,6.69,0.0,0.0,1.338
Tyler Adams,Midfielder,USMNT,USA,0,0,342,6.71,0.0,0.0,1.342
Tyler Bindon,Defender,New Zealand,USA,0,0,95,4.22,0.0,0.0,0.844
Tyrese Noslin,Midfielder,Curaçao,Netherlands,0,0,13,6.79,0.0,0.0,1.358
Uğurcan Çakır,Goalkeeper,Turkey,Turkey,0,0,270,6.71,0.0,0.0,1.342
Unai Simón,Goalkeeper,Spain,Spain,0,0,720,6.92,0.0,0.0,1.3840000000000001
Utkir Yusupov,Goalkeeper,Uzbekistan,Uzbekistan,0,0,90,6.05,0.0,0.0,1.21
Valentín Barco,Midfielder,Argentina,Argentina,0,0,19,6.64,0.0,0.0,1.328
Víctor Gustavo Velázquez Ramos,Defender,Paraguay,Paraguay,0,0,213,6.59,0.0,0.0,1.318
Victor Lindelöf,Defender,Sweden,Sweden,0,0,357,6.34,0.0,0.0,1.268
Viktor Gyökeres,Forward,Sweden,Sweden,1,2,360,7.24,0.25,0.5,1.7230000000000003
Vinicius Junior,Forward,Brazil,Brazil,4,1,441,7.58,0.8163265306122448,0.2040816326530612,1.9853877551020407
Virgil van Dijk,Defender,Netherlands,Netherlands,1,1,360,7.28,0.25,0.25,1.6560000000000001
Vitinha,Midfielder,Portugal,Portugal,0,0,381,7.08,0.0,0.0,1.4160000000000001
Vladimír Coufal,Defender,Czech Republic,Czech Republic,0,1,270,6.85,0.0,0.3333333333333333,1.4700000000000002
Vladimír Darida,Midfielder,Czech Republic,Czech Republic,0,0,55,6.78,0.0,0.0,1.356
Wagner Fabrício Cardoso Pina,Defender,Cape Verde Islands,Portugal,0,0,90,7.05,0.0,0.0,1.4100000000000001
Waldemar Anton,Defender,Germany,Germany,0,0,18,6.79,0.0,0.0,1.358
Warren Zaïre-Emery,Midfielder,France,France,0,0,109,6.4,0.0,0.0,1.2800000000000002
Weston McKennie,Midfielder,USMNT,USA,0,0,446,6.89,0.0,0.0,1.3780000000000001
Wilfried Singo,Defender,Ivory Coast,Ivory Coast,0,1,172,7.32,0.0,0.5232558139534883,1.6209767441860468
William Saliba,Defender,France,France,0,0,480,6.86,0.0,0.0,1.372
Willian Pacho,Defender,Ecuador,Ecuador,0,0,360,6.95,0.0,0.0,1.3900000000000001
Willy Afonso Semedo Johnson,Forward,Cape Verde Islands,France,0,0,100,6.34,0.0,0.0,1.268
Wilson Isidor,Forward,Haiti,France,1,0,186,6.72,0.48387096774193544,0.0,1.5859354838709678
Wout Weghorst,Forward,Netherlands,Netherlands,0,0,19,6.65,0.0,0.0,1.33
Xaver Schlager,Midfielder,Austria,Austria,0,1,241,6.53,0.0,0.37344398340248963,1.418033195020747
Yahia Fofana,Goalkeeper,Ivory Coast,France,0,0,360,6.82,0.0,0.0,1.364
Yaimar Abel Medina Ortiz,Defender,Ecuador,Ecuador,0,0,44,6.54,0.0,0.0,1.308
Yan Diomande,Forward,Ivory Coast,Ivory Coast,0,1,332,7.41,0.0,0.2710843373493976,1.5633253012048194
Yan Valery,Defender,Tunisia,Tunisia,0,0,252,6.19,0.0,0.0,1.2380000000000002
Yasin Ayari,Midfielder,Sweden,Sweden,2,0,341,7.13,0.5278592375366569,0.0,1.6899296187683286
Yasser Ahmed Ibrahim El Hanafi,Defender,Egypt,Egypt,1,0,436,6.85,0.20642201834862386,0.0,1.473211009174312
Yassin Fortune,Forward,Haiti,France,0,0,5,0.0,0.0,0.0,0.0
Yassine Bounou,Goalkeeper,Morocco,Morocco,0,0,540,6.84,0.0,0.0,1.368
Yazan Abo Alarab,Defender,Jordan,Jordan,0,0,270,6.45,0.0,0.0,1.29
Yazeed Moien Hasan Abu laila,Goalkeeper,Jordan,Jordan,0,0,270,6.48,0.0,0.0,1.2960000000000003
Yeremy Pino,Forward,Spain,Spain,0,0,68,6.28,0.0,0.0,1.2560000000000002
Yoane Wissa,Forward,Congo DR,Congo DR,3,0,360,7.24,0.75,0.0,1.8230000000000002
Young-Woo Seol,Defender,South Korea,South Korea,0,0,251,6.76,0.0,0.0,1.352
Youri Tielemans,Midfielder,Belgium,Belgium,2,0,445,7.55,0.4044943820224719,0.0,1.712247191011236
Youssef Abdel Razaq Youssef,Forward,Qatar,Qatar,0,0,100,6.62,0.0,0.0,1.324
Youssef Amyn,Forward,Iraq,Germany,0,0,30,6.36,0.0,0.0,1.2720000000000002
Yuito Suzuki,Forward,Japan,Japan,0,0,11,6.51,0.0,0.0,1.302
Yukinari Sugawara,Defender,Japan,Japan,0,0,145,6.64,0.0,0.0,1.328
Yunus Akgün,Forward,Turkey,Turkey,0,0,88,6.47,0.0,0.0,1.294
Yuto Nagatomo,Defender,Japan,Japan,0,0,15,6.66,0.0,0.0,1.332
Zaid Ismael Khaleel Al Dulaimi,Midfielder,Iraq,Iraq,0,0,119,6.55,0.0,0.0,1.31
Zaid Tahseen Abd Zaid Hantoosh,Defender,Iraq,Iraq,0,0,150,5.97,0.0,0.0,1.194
Zakaria El Ouahdi,Defender,Morocco,Belgium,0,0,16,6.42,0.0,0.0,1.284
Zeki Amdouni,Forward,Switzerland,Switzerland,0,0,9,6.51,0.0,0.0,1.302
Zidane Iqbal,Midfielder,Iraq,Iraq,0,0,188,6.53,0.0,0.0,1.306
Zineddine Belaïd,Defender,Algeria,Algeria,0,0,23,6.64,0.0,0.0,1.328
Zion Suzuki,Goalkeeper,Japan,Japan,0,0,360,7.04,0.0,0.0,1.4080000000000001
Zizo,Forward,Egypt,Egypt,0,0,52,4.93,0.0,0.0,0.986
Ørjan Nyland,Goalkeeper,Norway,Norway,0,0,450,6.94,0.0,0.0,1.3880000000000001
